URL,Rută,Tip,Public principal,Întrebare principală,Query cluster,Intenție primară,H1,Promisiune unică țintă,CTA,Țintă CTA,Micro-conversie,Părinte,URL-uri concurente,Valoare unică demonstrabilă,Recomandare,Țintă recomandată,Motiv,Stare decizie,Owner,Următoarea revizie,Fișier sursă,Familie sitemap
https://atelierdeconsultanta.ro/,/,core,Solicitanți și beneficiari potențiali,Cum poate FABER verifica și pregăti prudent un proiect înainte de dosar?,consultanță fonduri europene; proiectare; verificare inițială,comercială,Consultanță și proiectare pentru investiții finanțate,Orientează utilizatorul clar către oferta și următorul pas relevant pentru „Consultanță și proiectare pentru investiții finanțate”.,Verifică proiectul,/contact,cta_click către formularul de triere,ROOT,,"35 subtitluri distincte, 9 FAQ și 4 linkuri externe în sursa HTML.",keep,,"Rol distinct de core, cu o singură intenție primară și conversie proprie.",APROBAT_PENTRU_ARHITECTURĂ,Owner business + SEO lead,2026-09-19,index.html,core
https://atelierdeconsultanta.ro/acte-necesare-fonduri-europene-nerambursabile,/acte-necesare-fonduri-europene-nerambursabile,ghid,Solicitanți și beneficiari potențiali,Ce trebuie să știe solicitantul despre „Acte necesare pentru fonduri europene nerambursabile”?,acte necesare fonduri europene; documente solicitant; documente proiect,informațională,Acte necesare pentru fonduri europene nerambursabile,Răspunde complet la întrebarea principală despre „Acte necesare pentru fonduri europene nerambursabile” înainte de CTA.,Contact,/contact,cta_click:acte_necesare_fonduri_europene_nerambursabile_contact_1,/ghiduri,/ce-acte-sunt-necesare-fonduri-europene,"28 subtitluri distincte, 4 FAQ și 1 linkuri externe în sursa HTML.",keep,,"Rol distinct de ghid, cu o singură intenție primară și conversie proprie.",APROBAT_PENTRU_ARHITECTURĂ,Editor coordonator + consultant tematic,2026-08-18,acte-necesare-fonduri-europene-nerambursabile/index.html,guides
https://atelierdeconsultanta.ro/afir,/afir,hub,Fermieri și antreprenori agroalimentari,Unde găsește utilizatorul traseele și resursele relevante pentru „Programe AFIR și finanțări pentru agricultură”?,programe AFIR; finanțări agricultură; intervenții agricole,informațională,Programe AFIR și finanțări pentru agricultură,Ordonează într-un singur punct opțiunile și traseele pentru „Programe AFIR și finanțări pentru agricultură”.,Începe verificarea proiectului,/verificare-eligibilitate-fonduri-europene,cta_click:project_check_how,/fonduri-europene,,"8 subtitluri distincte, 5 FAQ și 1 linkuri externe în sursa HTML.",keep,,"Rol distinct de hub, cu o singură intenție primară și conversie proprie.",APROBAT_PENTRU_ARHITECTURĂ,SEO lead + editor coordonator,2026-09-19,afir/index.html,core
https://atelierdeconsultanta.ro/afir-autoconsum-agroalimentar,/afir-autoconsum-agroalimentar,program,Fermieri și antreprenori agroalimentari,Care este statutul verificat și ce trebuie analizat pentru „Schema de ajutor privind sprijinirea investițiilor în noi capacități de producere a energiei electrice din surse regenerabile pentru autoconsumul întreprinderilor din agricultură și industria alimentară”?,afir autoconsum agroalimentar; Schema de ajutor privind sprijinirea investițiilor în noi capacități,informațională,Schema de ajutor privind sprijinirea investițiilor în noi capacități de producere a energiei electrice din surse regenerabile pentru autoconsumul întreprinderilor din agricultură și industria alimentară,"Centralizează statutul, sursa oficială și pașii de verificare pentru „Schema de ajutor privind sprijinirea investițiilor în noi capacități de producere a energiei electrice din surse regenerabile pentru autoconsumul întreprinderilor din agricultură și industria alimentară”.",Verifică proiectul,/contact?program=afir-energie-autoconsum,cta_click:afir-energie-autoconsum_long_form_decision,/afir,,"Înregistrare în registrul unic al programelor; 20 subtitluri, 14 FAQ și sursă: Ministerul Agriculturii și Dezvoltării Rurale / AFIR.",keep,,"Rol distinct de program, cu o singură intenție primară și conversie proprie.",APROBAT_PENTRU_ARHITECTURĂ,Consultant programe + editor coordonator,2026-08-19,afir-autoconsum-agroalimentar/index.html,programs
https://atelierdeconsultanta.ro/apeluri-gal,/apeluri-gal,program,Fermieri și antreprenori agroalimentari,Care este statutul verificat și ce trebuie analizat pentru „Apeluri GALFinanțări locale”?,apeluri gal; Apeluri GALFinanțări locale,informațională,Apeluri GALFinanțări locale,"Centralizează statutul, sursa oficială și pașii de verificare pentru „Apeluri GALFinanțări locale”.",Verifică proiectul,/contact?program=apeluri-gal,cta_click:apeluri-gal_long_form_decision,/afir,/gal-afir,"Înregistrare în registrul unic al programelor; 23 subtitluri, 12 FAQ și sursă: AFIR și Grupurile de Acțiune Locală.",keep,,"Rol distinct de program, cu o singură intenție primară și conversie proprie.",APROBAT_PENTRU_ARHITECTURĂ,Consultant programe + editor coordonator,2026-07-25,apeluri-gal/index.html,programs
https://atelierdeconsultanta.ro/autoconsum-public-fotovoltaice-institutii-publice,/autoconsum-public-fotovoltaice-institutii-publice,program,Instituții publice și UAT-uri,Care este statutul verificat și ce trebuie analizat pentru „Autoconsum din surse regenerabile pentru instituții publice”?,autoconsum public fotovoltaice institutii publice; Autoconsum din surse regenerabile pentru instituții publice,informațională,Autoconsum din surse regenerabile pentru instituții publice,"Centralizează statutul, sursa oficială și pașii de verificare pentru „Autoconsum din surse regenerabile pentru instituții publice”.",Verifică proiectul,/contact?program=autoconsum-institutii-publice,cta_click:autoconsum-institutii-publice_long_form_decision,/finantari-panouri-fotovoltaice,,"Înregistrare în registrul unic al programelor; 20 subtitluri, 12 FAQ și sursă: Guvernul României / autoritatea finanțatoare competentă.",keep,,"Rol distinct de program, cu o singură intenție primară și conversie proprie.",APROBAT_PENTRU_ARHITECTURĂ,Consultant programe + editor coordonator,2026-07-19,autoconsum-public-fotovoltaice-institutii-publice/index.html,programs
https://atelierdeconsultanta.ro/blog,/blog,hub,Solicitanți și beneficiari potențiali,"Unde găsește utilizatorul traseele și resursele relevante pentru „Blog despre fonduri europene, finanțări nerambursabile și programe pentru beneficiari reali”?",articole fonduri europene; actualizări finanțări,navigațională,"Blog despre fonduri europene, finanțări nerambursabile și programe pentru beneficiari reali","Ordonează într-un singur punct opțiunile și traseele pentru „Blog despre fonduri europene, finanțări nerambursabile și programe pentru beneficiari reali”.",Verifică situatia ta concretă,/contact,cta_click:blog_contact_1,/resurse,/ghiduri | /resurse | /resurse-utile,"6 subtitluri distincte, 0 FAQ și 0 linkuri externe în sursa HTML.",rewrite,,"Rolul de hub este util, dar promisiunea, query clusterul sau diferențierea față de URL-urile apropiate trebuie clarificate.",APROBAT_PENTRU_ARHITECTURĂ,SEO lead + editor coordonator,2026-09-19,blog/index.html,guides
https://atelierdeconsultanta.ro/blog-afir-fotovoltaice-ferme-2026,/blog-afir-fotovoltaice-ferme-2026,ghid,Fermieri și antreprenori agroalimentari,Ce trebuie să știe solicitantul despre „AFIR fotovoltaice pentru ferme: autoconsum și verificări”?,blog afir fotovoltaice ferme 2026; AFIR fotovoltaice pentru ferme autoconsum și verificări,informațională,AFIR fotovoltaice pentru ferme: autoconsum și verificări,Răspunde complet la întrebarea principală despre „AFIR fotovoltaice pentru ferme: autoconsum și verificări” înainte de CTA.,Contact,/contact,cta_click:nav_contact_contact,/fonduri-europene-agricultura,,"10 subtitluri distincte, 5 FAQ și 2 linkuri externe în sursa HTML.",keep,,"Rol distinct de ghid, cu o singură intenție primară și conversie proprie.",APROBAT_PENTRU_ARHITECTURĂ,Editor coordonator + consultant tematic,2026-10-19,blog-afir-fotovoltaice-ferme-2026.html,guides
https://atelierdeconsultanta.ro/calculator-soc,/calculator-soc,instrument,Fermieri și antreprenori agroalimentari,Cum poate utilizatorul calcula sau verifica „Calculator SO/SOC pentru AFIR DR12 și DR14”?,calculator dimensiune economică SO; coeficienți SO,informațională,Calculator SO/SOC pentru AFIR DR12 și DR14,Produce un rezultat orientativ și explică limitele lui pentru „Calculator SO/SOC pentru AFIR DR12 și DR14”.,Calculează dimensiunea economică,/instrumente,calculation_complete,/instrumente,,"5 controale interactive, 43 subtitluri explicative și 1 linkuri externe.",keep,,"Rol distinct de instrument, cu o singură intenție primară și conversie proprie.",APROBAT_PENTRU_ARHITECTURĂ,Owner produs + consultant tematic,DE_VALIDAT_UMAN,calculator-soc.html,core
https://atelierdeconsultanta.ro/calendar-fonduri-europene,/calendar-fonduri-europene,instrument,Solicitanți și beneficiari potențiali,Cum poate utilizatorul calcula sau verifica „Calendar fonduri europene: pregătire fără grabă”?,calendar fonduri europene; apeluri; termene depunere,informațională,Calendar fonduri europene: pregătire fără grabă,Produce un rezultat orientativ și explică limitele lui pentru „Calendar fonduri europene: pregătire fără grabă”.,Filtrează calendarul,/contact,calendar_filter,/instrumente,,"0 controale interactive, 30 subtitluri explicative și 1 linkuri externe.",rewrite,,"Rolul de instrument este util, dar promisiunea, query clusterul sau diferențierea față de URL-urile apropiate trebuie clarificate.",APROBAT_PENTRU_ARHITECTURĂ,Owner produs + consultant tematic,2026-10-19,calendar-fonduri-europene/index.html,core
https://atelierdeconsultanta.ro/cand-merita-consultant-fonduri-europene,/cand-merita-consultant-fonduri-europene,serviciu,Decidenți care caută sprijin pentru proiect,Ce include și când este potrivit serviciul „Când merită să lucrezi cu un consultant pentru fonduri europene”?,cand merita consultant fonduri europene; Când merită să lucrezi cu un consultant pentru fonduri,comercială,Când merită să lucrezi cu un consultant pentru fonduri europene,"Explică livrabilul, limitele și traseul de lucru pentru „Când merită să lucrezi cu un consultant pentru fonduri europene”.",Contact,/contact,cta_click:nav_contact_contact,/consultanta-fonduri-europene,,"11 subtitluri distincte, 0 FAQ și 6 linkuri externe în sursa HTML.",keep,,"Rol distinct de serviciu, cu o singură intenție primară și conversie proprie.",APROBAT_PENTRU_ARHITECTURĂ,Owner serviciu + SEO lead,2026-09-19,cand-merita-consultant-fonduri-europene.html,core
https://atelierdeconsultanta.ro/cat-costa-consultanta-fonduri-europene,/cat-costa-consultanta-fonduri-europene,serviciu,Decidenți care caută sprijin pentru proiect,Ce include și când este potrivit serviciul „Cât costa consultanță pentru fonduri europene”?,preț consultanță fonduri europene; ofertă; structură tarif,comercială,Cât costa consultanță pentru fonduri europene,"Explică livrabilul, limitele și traseul de lucru pentru „Cât costa consultanță pentru fonduri europene”.",Contact,/contact,cta_click:cat_costa_consultanta_fonduri_europene_contact_1,/consultanta-fonduri-europene,/cat-costa-consultanta-fonduri-europene-ghid,"30 subtitluri distincte, 6 FAQ și 1 linkuri externe în sursa HTML.",rewrite,,"Rolul de serviciu este util, dar promisiunea, query clusterul sau diferențierea față de URL-urile apropiate trebuie clarificate.",APROBAT_PENTRU_ARHITECTURĂ,Owner serviciu + SEO lead,2026-09-19,cat-costa-consultanta-fonduri-europene/index.html,core
https://atelierdeconsultanta.ro/cat-costa-consultanta-fonduri-europene-ghid,/cat-costa-consultanta-fonduri-europene-ghid,ghid,Solicitanți și beneficiari potențiali,Ce trebuie să știe solicitantul despre „Ghid: cât costă consultanța pentru fonduri europene”?,cum se formează costul consultanței; modele de tarifare; costuri eligibile,informațională,Ghid: cât costă consultanța pentru fonduri europene,Răspunde complet la întrebarea principală despre „Ghid: cât costă consultanța pentru fonduri europene” înainte de CTA.,Contact,/contact,cta_click:nav_contact_contact,/ghiduri,/cat-costa-consultanta-fonduri-europene,"11 subtitluri distincte, 0 FAQ și 5 linkuri externe în sursa HTML.",rewrite,,"Rolul de ghid este util, dar promisiunea, query clusterul sau diferențierea față de URL-urile apropiate trebuie clarificate.",APROBAT_PENTRU_ARHITECTURĂ,Editor coordonator + consultant tematic,2026-10-19,cat-costa-consultanta-fonduri-europene-ghid.html,guides
https://atelierdeconsultanta.ro/ce-acte-sunt-necesare-fonduri-europene,/ce-acte-sunt-necesare-fonduri-europene,ghid,Solicitanți și beneficiari potențiali,Ce trebuie să știe solicitantul despre „Ce acte sunt necesare pentru fonduri europene?”?,acte necesare fonduri europene; documente dosar,informațională,Ce acte sunt necesare pentru fonduri europene?,Răspunde complet la întrebarea principală despre „Ce acte sunt necesare pentru fonduri europene?” înainte de CTA.,Contact,/contact,cta_click:nav_contact_contact,/ghiduri,/acte-necesare-fonduri-europene-nerambursabile,Valoarea distinctă nu este demonstrată față de /acte-necesare-fonduri-europene-nerambursabile; conținutul unic trebuie inventariat înainte de consolidare.,merge,/acte-necesare-fonduri-europene-nerambursabile,Intenția se suprapune cu /acte-necesare-fonduri-europene-nerambursabile; se păstrează doar conținutul unic după aprobarea SEO/business.,APROBARE_UMANĂ_NECESARĂ,Editor coordonator + consultant tematic,2026-10-19,ce-acte-sunt-necesare-fonduri-europene.html,core
https://atelierdeconsultanta.ro/cheltuieli-eligibile-digitalizare-imm,/cheltuieli-eligibile-digitalizare-imm,ghid,IMM-uri care planifică digitalizarea,"Ce trebuie să știe solicitantul despre „Ce poți cumpăra prin Digitalizare IMM: software, hardware, securitate și servicii”?","cheltuieli eligibile digitalizare imm; Ce poți cumpăra prin Digitalizare IMM software, hardware, securitate",informațională,"Ce poți cumpăra prin Digitalizare IMM: software, hardware, securitate și servicii","Răspunde complet la întrebarea principală despre „Ce poți cumpăra prin Digitalizare IMM: software, hardware, securitate și servicii” înainte de CTA.",Contact,/contact,cta_click:nav_contact_contact,/fonduri-europene-digitalizare,/digitalizare-imm-erp-crm-cloud | /digitalizare-imm-pnrr | /fonduri-europene-digitalizare | /pnrr-digitalizare-imm-cheltuieli-eligibile,"12 subtitluri distincte, 0 FAQ și 4 linkuri externe în sursa HTML.",keep,,"Rol distinct de ghid, cu o singură intenție primară și conversie proprie.",APROBAT_PENTRU_ARHITECTURĂ,Editor coordonator + consultant tematic,2026-10-19,cheltuieli-eligibile-digitalizare-imm.html,guides
https://atelierdeconsultanta.ro/cheltuieli-eligibile-pocidif-21,/cheltuieli-eligibile-pocidif-21,ghid,IMM-uri care planifică digitalizarea,"Ce trebuie să știe solicitantul despre „Cheltuieli eligibile PoCIDIF 2.1 – hardware, software și servicii CDI”?","cheltuieli eligibile pocidif 21; Cheltuieli eligibile PoCIDIF 2.1 hardware, software și servicii CDI",informațională,"Cheltuieli eligibile PoCIDIF 2.1 – hardware, software și servicii CDI","Răspunde complet la întrebarea principală despre „Cheltuieli eligibile PoCIDIF 2.1 – hardware, software și servicii CDI” înainte de CTA.",Solicită analiza bugetului,/contact,cta_click:cheltuieli_eligibile_pocidif_21_contact_1,/fonduri-europene-digitalizare,,"16 subtitluri distincte, 9 FAQ și 4 linkuri externe în sursa HTML.",keep,,"Rol distinct de ghid, cu o singură intenție primară și conversie proprie.",APROBAT_PENTRU_ARHITECTURĂ,Editor coordonator + consultant tematic,2026-10-19,cheltuieli-eligibile-pocidif-21/index.html,guides
https://atelierdeconsultanta.ro/cod-caen-start-up-nation-2026,/cod-caen-start-up-nation-2026,ghid,Antreprenori și viitori antreprenori,Ce trebuie să știe solicitantul despre „Cod CAEN Start Up Nation 2026: cum verifici activitatea eligibilă”?,cod caen start up nation 2026; Cod CAEN Start Up Nation 2026 cum verifici activitatea,informațională,Cod CAEN Start Up Nation 2026: cum verifici activitatea eligibilă,Răspunde complet la întrebarea principală despre „Cod CAEN Start Up Nation 2026: cum verifici activitatea eligibilă” înainte de CTA.,Solicită consultanță,/contact,cta_click:cod_caen_start_up_nation_2026_contact_1,/fonduri-europene-imm,,"23 subtitluri distincte, 11 FAQ și 1 linkuri externe în sursa HTML.",keep,,"Rol distinct de ghid, cu o singură intenție primară și conversie proprie.",APROBAT_PENTRU_ARHITECTURĂ,Editor coordonator + consultant tematic,2026-08-18,cod-caen-start-up-nation-2026/index.html,guides
https://atelierdeconsultanta.ro/consultant-fonduri-europene-imm,/consultant-fonduri-europene-imm,serviciu,Decidenți care caută sprijin pentru proiect,Ce include și când este potrivit serviciul „Consultant fonduri europene pentru IMM-uri”?,consultant fonduri europene imm; Consultant fonduri europene pentru IMM-uri,comercială,Consultant fonduri europene pentru IMM-uri,"Explică livrabilul, limitele și traseul de lucru pentru „Consultant fonduri europene pentru IMM-uri”.",Contact,/contact,cta_click:consultant_fonduri_europene_imm_contact_1,/consultanta-fonduri-europene,,"31 subtitluri distincte, 6 FAQ și 1 linkuri externe în sursa HTML.",keep,,"Rol distinct de serviciu, cu o singură intenție primară și conversie proprie.",APROBAT_PENTRU_ARHITECTURĂ,Owner serviciu + SEO lead,2026-09-19,consultant-fonduri-europene-imm/index.html,core
https://atelierdeconsultanta.ro/consultanta-afir,/consultanta-afir,serviciu,Fermieri și antreprenori agroalimentari,Ce include și când este potrivit serviciul „Consultanță AFIR”?,consultanta afir; Consultanță AFIR,comercială,Consultanță AFIR,"Explică livrabilul, limitele și traseul de lucru pentru „Consultanță AFIR”.",trimite datele exploatației pentru analiză Transmite documentele disponibile pentru…,/contact,cta_click:consultanta-afir_contextual_conversion,/consultanta-fonduri-europene,,"31 subtitluri distincte, 6 FAQ și 2 linkuri externe în sursa HTML.",keep,,"Rol distinct de serviciu, cu o singură intenție primară și conversie proprie.",APROBAT_PENTRU_ARHITECTURĂ,Owner serviciu + SEO lead,2026-09-19,consultanta-afir/index.html,core
https://atelierdeconsultanta.ro/consultanta-fonduri-europene,/consultanta-fonduri-europene,serviciu,Decidenți care caută sprijin pentru proiect,"Ce include și când este potrivit serviciul „Consultanță pentru fonduri europene, de la eligibilitate la dosar”?",consultanță fonduri europene; servicii consultanță; consultant proiecte,comercială,"Consultanță pentru fonduri europene, de la eligibilitate la dosar","Explică livrabilul, limitele și traseul de lucru pentru „Consultanță pentru fonduri europene, de la eligibilitate la dosar”.",Trimite datele proiectului,/contact,cta_click:consultanta_fonduri_europene_contact_1,/,/firma-consultanta-fonduri-europene,"16 subtitluri distincte, 6 FAQ și 3 linkuri externe în sursa HTML.",keep,,"Rol distinct de serviciu, cu o singură intenție primară și conversie proprie.",APROBARE_UMANĂ_NECESARĂ,Owner serviciu + SEO lead,2026-09-19,consultanta-fonduri-europene/index.html,core
https://atelierdeconsultanta.ro/consultanta-fonduri-europene-bucuresti,/consultanta-fonduri-europene-bucuresti,serviciu,Solicitanți din regiunea vizată,Ce include și când este potrivit serviciul „Consultanță fonduri europene București”?,consultanță fonduri europene București; consultant local,locală,Consultanță fonduri europene București,"Explică livrabilul, limitele și traseul de lucru pentru „Consultanță fonduri europene București”.",Contact,/contact,cta_click:consultanta_fonduri_europene_bucuresti_contact_1,/consultanta-fonduri-europene,/fonduri-europene-bucuresti,Semnal local prezent în conținut; dovada unei oferte/experiențe locale distincte necesită validare umană.,rewrite,,"Pagina locală/CAEN poate rămâne numai cu experiență, ofertă și conținut unic demonstrabil; necesită rescriere și validare.",APROBARE_UMANĂ_NECESARĂ,Owner serviciu + SEO lead,2026-09-19,consultanta-fonduri-europene-bucuresti/index.html,core
https://atelierdeconsultanta.ro/consultanta-pnrr-digitalizare,/consultanta-pnrr-digitalizare,serviciu,IMM-uri care planifică digitalizarea,Ce include și când este potrivit serviciul „Consultanță PNRR digitalizare”?,consultanta pnrr digitalizare; Consultanță PNRR digitalizare,comercială,Consultanță PNRR digitalizare,"Explică livrabilul, limitele și traseul de lucru pentru „Consultanță PNRR digitalizare”.",Contact,/contact,cta_click:consultanta_pnrr_digitalizare_contact_1,/consultanta-fonduri-europene,,"30 subtitluri distincte, 6 FAQ și 1 linkuri externe în sursa HTML.",keep,,"Rol distinct de serviciu, cu o singură intenție primară și conversie proprie.",APROBAT_PENTRU_ARHITECTURĂ,Owner serviciu + SEO lead,2026-09-19,consultanta-pnrr-digitalizare/index.html,core
https://atelierdeconsultanta.ro/consultanta-start-up-nation-2026,/consultanta-start-up-nation-2026,serviciu,Antreprenori și viitori antreprenori,"Ce include și când este potrivit serviciul „Consultanță Start-Up Nation 2026: CAEN, plan și dosar”?","consultanta start up nation 2026; Consultanță Start-Up Nation 2026 CAEN, plan și dosar",comercială,"Consultanță Start-Up Nation 2026: CAEN, plan și dosar","Explică livrabilul, limitele și traseul de lucru pentru „Consultanță Start-Up Nation 2026: CAEN, plan și dosar”.",Contact,/contact,cta_click:consultanta_start_up_nation_2026_contact_2,/consultanta-fonduri-europene,/start-up-nation-2026 | /start-up-nation-2026-cheltuieli-eligibile | /start-up-nation-2026-conditii | /start-up-nation-2026-idei-afaceri | /start-up-nation-2026-plan-de-afaceri,"32 subtitluri distincte, 8 FAQ și 1 linkuri externe în sursa HTML.",keep,,"Rol distinct de serviciu, cu o singură intenție primară și conversie proprie.",APROBAT_PENTRU_ARHITECTURĂ,Owner serviciu + SEO lead,2026-09-19,consultanta-start-up-nation-2026/index.html,core
https://atelierdeconsultanta.ro/contact,/contact,core,Solicitanți pregătiți pentru triere,Cum poate un solicitant transmite datele minime pentru trierea proiectului?,contact FABER; formular proiect; telefon consultanță,navigațională,Trimite proiectul. Îți spunem ce trebuie verificat.,Orientează utilizatorul clar către oferta și următorul pas relevant pentru „Trimite proiectul. Îți spunem ce trebuie verificat.”.,Trimite pasul 1,/,step_1_complete,/,,"13 subtitluri distincte, 6 FAQ și 0 linkuri externe în sursa HTML.",keep,,"Rol distinct de core, cu o singură intenție primară și conversie proprie.",APROBAT_PENTRU_ARHITECTURĂ,Owner business + SEO lead,2026-09-19,contact/index.html,core
https://atelierdeconsultanta.ro/cum-alegi-consultant-fonduri-europene,/cum-alegi-consultant-fonduri-europene,serviciu,Decidenți care caută sprijin pentru proiect,Ce include și când este potrivit serviciul „Cum alegi un consultant pentru fonduri europene”?,cum alegi consultant fonduri europene; Cum alegi un consultant pentru fonduri europene,comercială,Cum alegi un consultant pentru fonduri europene,"Explică livrabilul, limitele și traseul de lucru pentru „Cum alegi un consultant pentru fonduri europene”.",Contact,/contact,cta_click:cum_alegi_consultant_fonduri_europene_contact_1,/consultanta-fonduri-europene,,"30 subtitluri distincte, 6 FAQ și 1 linkuri externe în sursa HTML.",keep,,"Rol distinct de serviciu, cu o singură intenție primară și conversie proprie.",APROBAT_PENTRU_ARHITECTURĂ,Owner serviciu + SEO lead,2026-09-19,cum-alegi-consultant-fonduri-europene/index.html,core
https://atelierdeconsultanta.ro/cum-alegi-programul-potrivit-fonduri-europene-2026,/cum-alegi-programul-potrivit-fonduri-europene-2026,ghid,Solicitanți și beneficiari potențiali,Ce trebuie să știe solicitantul despre „Cum alegi programul potrivit de fonduri europene în 2026”?,cum alegi programul potrivit fonduri europene 2026; Cum alegi programul potrivit de fonduri europene în 2026,informațională,Cum alegi programul potrivit de fonduri europene în 2026,Răspunde complet la întrebarea principală despre „Cum alegi programul potrivit de fonduri europene în 2026” înainte de CTA.,Contact,/contact,cta_click:nav_contact_contact,/ghiduri,,"15 subtitluri distincte, 6 FAQ și 2 linkuri externe în sursa HTML.",keep,,"Rol distinct de ghid, cu o singură intenție primară și conversie proprie.",APROBAT_PENTRU_ARHITECTURĂ,Editor coordonator + consultant tematic,2026-10-19,cum-alegi-programul-potrivit-fonduri-europene-2026.html,core
https://atelierdeconsultanta.ro/cum-se-calculeaza-cofinantarea-fonduri-europene,/cum-se-calculeaza-cofinantarea-fonduri-europene,ghid,Solicitanți și beneficiari potențiali,Ce trebuie să știe solicitantul despre „Cum se calculează cofinanțarea la fonduri europene”?,calcul contribuție proprie; cofinanțare; intensitate ajutor,informațională,Cum se calculează cofinanțarea la fonduri europene,Răspunde complet la întrebarea principală despre „Cum se calculează cofinanțarea la fonduri europene” înainte de CTA.,Contact,/contact,cta_click:nav_contact_contact,/ghiduri,/intrebari/cum-se-calculeaza-cofinantarea-la-fonduri-europene,"11 subtitluri distincte, 0 FAQ și 6 linkuri externe în sursa HTML.",keep,,"Rol distinct de ghid, cu o singură intenție primară și conversie proprie.",APROBAT_PENTRU_ARHITECTURĂ,Editor coordonator + consultant tematic,2026-10-19,cum-se-calculeaza-cofinantarea-fonduri-europene.html,core
https://atelierdeconsultanta.ro/cum-se-verifica-eligibilitatea-fonduri-europene,/cum-se-verifica-eligibilitatea-fonduri-europene,ghid,Solicitanți și beneficiari potențiali,Ce trebuie să știe solicitantul despre „Cum se verifică eligibilitatea pentru fonduri europene”?,cum se verifică eligibilitatea; criterii solicitant; criterii proiect,informațională,Cum se verifică eligibilitatea pentru fonduri europene,Răspunde complet la întrebarea principală despre „Cum se verifică eligibilitatea pentru fonduri europene” înainte de CTA.,Contact,/contact,cta_click:nav_contact_contact,/eligibilitate-fonduri-europene,/eligibilitate-fonduri-europene | /metodologie-verificare-eligibilitate | /verificare-eligibilitate-fonduri-europene,"Valoarea distinctă nu este demonstrată față de /eligibilitate-fonduri-europene, /metodologie-verificare-eligibilitate, /verificare-eligibilitate-fonduri-europene; conținutul unic trebuie inventariat înainte de consolidare.",merge,/eligibilitate-fonduri-europene,Intenția se suprapune cu /eligibilitate-fonduri-europene; se păstrează doar conținutul unic după aprobarea SEO/business.,APROBARE_UMANĂ_NECESARĂ,Editor coordonator + consultant tematic,2026-10-19,cum-se-verifica-eligibilitatea-fonduri-europene.html,core
https://atelierdeconsultanta.ro/despre-faber,/despre-faber,core,Decidenți care evaluează furnizorul,Cine este FABER și cum verifică informația și proiectele?,despre FABER; echipă consultanță; metodă de lucru,navigațională,"Consultanță construită pe documente, nu pe promisiuni","Orientează utilizatorul clar către oferta și următorul pas relevant pentru „Consultanță construită pe documente, nu pe promisiuni”.",Vezi metodologia,/contact,methodology_view,/,,"18 subtitluri distincte, 6 FAQ și 0 linkuri externe în sursa HTML.",rewrite,,"Rolul de core este util, dar promisiunea, query clusterul sau diferențierea față de URL-urile apropiate trebuie clarificate.",APROBAT_PENTRU_ARHITECTURĂ,Owner business + SEO lead,2026-09-19,despre-faber/index.html,core
https://atelierdeconsultanta.ro/digitalizare-imm-erp-crm-cloud,/digitalizare-imm-erp-crm-cloud,serviciu,IMM-uri care planifică digitalizarea,"Ce include și când este potrivit serviciul „ERP, CRM și cloud în proiectele de digitalizare IMM”?","digitalizare imm erp crm cloud; ERP, CRM și cloud în proiectele de digitalizare IMM",comercială,"ERP, CRM și cloud în proiectele de digitalizare IMM","Explică livrabilul, limitele și traseul de lucru pentru „ERP, CRM și cloud în proiectele de digitalizare IMM”.",Contact,/contact,cta_click:nav_contact_contact,/consultanta-fonduri-europene,/cheltuieli-eligibile-digitalizare-imm | /digitalizare-imm-pnrr | /fonduri-europene-digitalizare | /pnrr-digitalizare-imm-cheltuieli-eligibile,"12 subtitluri distincte, 0 FAQ și 5 linkuri externe în sursa HTML.",keep,,"Rol distinct de serviciu, cu o singură intenție primară și conversie proprie.",APROBAT_PENTRU_ARHITECTURĂ,Owner serviciu + SEO lead,2026-09-19,digitalizare-imm-erp-crm-cloud.html,core
https://atelierdeconsultanta.ro/digitalizare-imm-pnrr,/digitalizare-imm-pnrr,ghid,IMM-uri care planifică digitalizarea,Ce trebuie să știe solicitantul despre „Digitalizare IMM / PNRR: pagină aplicată pentru proiecte digitale”?,digitalizare imm pnrr; Digitalizare IMM / PNRR pagină aplicată pentru proiecte digitale,informațională,Digitalizare IMM / PNRR: pagină aplicată pentru proiecte digitale,Răspunde complet la întrebarea principală despre „Digitalizare IMM / PNRR: pagină aplicată pentru proiecte digitale” înainte de CTA.,Contact,/contact,cta_click:digitalizare_imm_pnrr_contact_1,/fonduri-europene-digitalizare,/cheltuieli-eligibile-digitalizare-imm | /digitalizare-imm-erp-crm-cloud | /fonduri-europene-digitalizare | /pnrr-digitalizare-imm-cheltuieli-eligibile,"22 subtitluri distincte, 9 FAQ și 1 linkuri externe în sursa HTML.",keep,,"Rol distinct de ghid, cu o singură intenție primară și conversie proprie.",APROBAT_PENTRU_ARHITECTURĂ,Editor coordonator + consultant tematic,2026-10-19,digitalizare-imm-pnrr/index.html,core
https://atelierdeconsultanta.ro/documente-punctaj-pocidif-21,/documente-punctaj-pocidif-21,ghid,IMM-uri care planifică digitalizarea,"Ce trebuie să știe solicitantul despre „Documente și punctaj PoCIDIF 2.1 – dosar, indicatori și evaluare”?","documente punctaj pocidif 21; Documente și punctaj PoCIDIF 2.1 dosar, indicatori și evaluare",informațională,"Documente și punctaj PoCIDIF 2.1 – dosar, indicatori și evaluare","Răspunde complet la întrebarea principală despre „Documente și punctaj PoCIDIF 2.1 – dosar, indicatori și evaluare” înainte de CTA.",Solicită verificarea dosarului,/contact,cta_click:documente_punctaj_pocidif_21_contact_1,/fonduri-europene-digitalizare,,"16 subtitluri distincte, 9 FAQ și 4 linkuri externe în sursa HTML.",keep,,"Rol distinct de ghid, cu o singură intenție primară și conversie proprie.",APROBAT_PENTRU_ARHITECTURĂ,Editor coordonator + consultant tematic,2026-10-19,documente-punctaj-pocidif-21/index.html,guides
https://atelierdeconsultanta.ro/dr12-vs-dr14,/dr12-vs-dr14,ghid,Fermieri și antreprenori agroalimentari,Ce trebuie să știe solicitantul despre „DR12 sau DR14: ce program AFIR se potrivește fermei?”?,dr12 vs dr14; DR12 sau DR14 ce program AFIR se potrivește fermei?,informațională,DR12 sau DR14: ce program AFIR se potrivește fermei?,Răspunde complet la întrebarea principală despre „DR12 sau DR14: ce program AFIR se potrivește fermei?” înainte de CTA.,Contact,/contact,cta_click:nav_contact_contact,/fonduri-europene-agricultura,,"20 subtitluri distincte, 8 FAQ și 6 linkuri externe în sursa HTML.",keep,,"Rol distinct de ghid, cu o singură intenție primară și conversie proprie.",APROBAT_PENTRU_ARHITECTURĂ,Editor coordonator + consultant tematic,2026-10-19,dr12-vs-dr14.html,core
https://atelierdeconsultanta.ro/e-move,/e-move,program,Companii și entități cu investiții energetice,Care este statutul verificat și ce trebuie analizat pentru „Programul e-MOVE RO”?,e move; Programul e-MOVE RO,informațională,Programul e-MOVE RO,"Centralizează statutul, sursa oficială și pașii de verificare pentru „Programul e-MOVE RO”.",Verifică proiectul,/contact?program=e-move-ro,cta_click:e-move-ro_long_form_decision,/finantari-panouri-fotovoltaice,,"Înregistrare în registrul unic al programelor; 23 subtitluri, 12 FAQ și sursă: Ministerul Transporturilor și Infrastructurii.",keep,,"Rol distinct de program, cu o singură intenție primară și conversie proprie.",APROBAT_PENTRU_ARHITECTURĂ,Consultant programe + editor coordonator,2026-07-26,e-move/index.html,programs
https://atelierdeconsultanta.ro/eligibilitate-fonduri-europene,/eligibilitate-fonduri-europene,ghid,Solicitanți și beneficiari potențiali,"Ce trebuie să știe solicitantul despre „Eligibilitate fonduri europene: administrativ, tehnic și punctaj”?",eligibilitate fonduri europene; checklist solicitant; condiții generale,informațională,"Eligibilitate fonduri europene: administrativ, tehnic și punctaj","Răspunde complet la întrebarea principală despre „Eligibilitate fonduri europene: administrativ, tehnic și punctaj” înainte de CTA.",Contact,/contact,cta_click:eligibilitate_fonduri_europene_contact_1,/fonduri-europene,/cum-se-verifica-eligibilitatea-fonduri-europene | /metodologie-verificare-eligibilitate | /verificare-eligibilitate-fonduri-europene,"30 subtitluri distincte, 6 FAQ și 1 linkuri externe în sursa HTML.",rewrite,,Rol distinct condiționat în harta P0.09; trebuie eliminată suprapunerea și aprobat KPI-ul propriu.,APROBARE_UMANĂ_NECESARĂ,Editor coordonator + consultant tematic,2026-10-19,eligibilitate-fonduri-europene/index.html,core
https://atelierdeconsultanta.ro/eligibilitate-pocidif-21,/eligibilitate-pocidif-21,ghid,IMM-uri care planifică digitalizarea,"Ce trebuie să știe solicitantul despre „Eligibilitate PoCIDIF 2.1 – IMM TIC, coduri CAEN și parteneriate”?","eligibilitate pocidif 21; Eligibilitate PoCIDIF 2.1 IMM TIC, coduri CAEN și parteneriate",informațională,"Eligibilitate PoCIDIF 2.1 – IMM TIC, coduri CAEN și parteneriate","Răspunde complet la întrebarea principală despre „Eligibilitate PoCIDIF 2.1 – IMM TIC, coduri CAEN și parteneriate” înainte de CTA.",Solicită verificarea eligibilității,/contact,cta_click:eligibilitate_pocidif_21_contact_1,/fonduri-europene-digitalizare,,"19 subtitluri distincte, 6 FAQ și 4 linkuri externe în sursa HTML.",keep,,"Rol distinct de ghid, cu o singură intenție primară și conversie proprie.",APROBAT_PENTRU_ARHITECTURĂ,Editor coordonator + consultant tematic,2026-10-19,eligibilitate-pocidif-21/index.html,core
https://atelierdeconsultanta.ro/femeia-antreprenor-2026,/femeia-antreprenor-2026,program,Antreprenori și viitori antreprenori,Care este statutul verificat și ce trebuie analizat pentru „Programul Femeia Antreprenor”?,femeia antreprenor 2026; Programul Femeia Antreprenor,informațională,Programul Femeia Antreprenor,"Centralizează statutul, sursa oficială și pașii de verificare pentru „Programul Femeia Antreprenor”.",Verifică proiectul,/contact?program=femeia-antreprenor,cta_click:femeia-antreprenor_long_form_decision,/fonduri-europene-imm,/femeia-antreprenor-2026-conditii-idei-afaceri | /fonduri-europene-femei-antreprenor,"Înregistrare în registrul unic al programelor; 22 subtitluri, 12 FAQ și sursă: Ministerul Economiei.",keep,,"Rol distinct de program, cu o singură intenție primară și conversie proprie.",APROBAT_PENTRU_ARHITECTURĂ,Consultant programe + editor coordonator,2026-07-19,femeia-antreprenor-2026/index.html,programs
https://atelierdeconsultanta.ro/femeia-antreprenor-2026-conditii-idei-afaceri,/femeia-antreprenor-2026-conditii-idei-afaceri,ghid,Antreprenori și viitori antreprenori,Ce trebuie să știe solicitantul despre „Condiții și idei de afaceri pentru Femeia Antreprenor 2026”?,femeia antreprenor 2026 conditii idei afaceri; Condiții și idei de afaceri pentru Femeia Antreprenor 2026,informațională,Condiții și idei de afaceri pentru Femeia Antreprenor 2026,Răspunde complet la întrebarea principală despre „Condiții și idei de afaceri pentru Femeia Antreprenor 2026” înainte de CTA.,Solicită verificare eligibilitate,/contact,cta_click:femeia_antreprenor_2026_conditii_idei_afaceri_contact_2,/fonduri-europene-imm,/femeia-antreprenor-2026 | /fonduri-europene-femei-antreprenor,"11 subtitluri distincte, 3 FAQ și 1 linkuri externe în sursa HTML.",keep,,"Rol distinct de ghid, cu o singură intenție primară și conversie proprie.",APROBAT_PENTRU_ARHITECTURĂ,Editor coordonator + consultant tematic,2026-10-19,femeia-antreprenor-2026-conditii-idei-afaceri.html,guides
https://atelierdeconsultanta.ro/finantari-panouri-fotovoltaice,/finantari-panouri-fotovoltaice,hub,Companii și entități cu investiții energetice,Unde găsește utilizatorul traseele și resursele relevante pentru „Finanțări pentru energie și eficiență energetică”?,finanțări energie; autoconsum; eficiență energetică; energie regenerabilă,informațională,Finanțări pentru energie și eficiență energetică,Ordonează într-un singur punct opțiunile și traseele pentru „Finanțări pentru energie și eficiență energetică”.,Începe verificarea proiectului,/verificare-eligibilitate-fonduri-europene,cta_click:project_check_how,/fonduri-europene,,"12 subtitluri distincte, 5 FAQ și 3 linkuri externe în sursa HTML.",keep,,"Rol distinct de hub, cu o singură intenție primară și conversie proprie.",APROBAT_PENTRU_ARHITECTURĂ,SEO lead + editor coordonator,2026-09-19,finantari-panouri-fotovoltaice/index.html,core
https://atelierdeconsultanta.ro/firma-consultanta-fonduri-europene,/firma-consultanta-fonduri-europene,serviciu,Decidenți care caută sprijin pentru proiect,Ce include și când este potrivit serviciul „Firmă de consultanță pentru fonduri europene”?,firmă consultanță fonduri europene; alegere consultant,comercială,Firmă de consultanță pentru fonduri europene,"Explică livrabilul, limitele și traseul de lucru pentru „Firmă de consultanță pentru fonduri europene”.",Contact,/contact,cta_click:firma_consultanta_fonduri_europene_contact_1,/consultanta-fonduri-europene,/consultanta-fonduri-europene,Valoarea distinctă nu este demonstrată față de /consultanta-fonduri-europene; conținutul unic trebuie inventariat înainte de consolidare.,merge,/consultanta-fonduri-europene,Intenția se suprapune cu /consultanta-fonduri-europene; se păstrează doar conținutul unic după aprobarea SEO/business.,APROBARE_UMANĂ_NECESARĂ,Owner serviciu + SEO lead,2026-09-19,firma-consultanta-fonduri-europene/index.html,core
https://atelierdeconsultanta.ro/fondul-de-modernizare-finantari-energie-fotovoltaice-autoconsum,/fondul-de-modernizare-finantari-energie-fotovoltaice-autoconsum,program,Companii și entități cu investiții energetice,Care este statutul verificat și ce trebuie analizat pentru „Fondul de Modernizare: proiecte de fotovoltaice și autoconsum”?,fondul de modernizare finantari energie fotovoltaice autoconsum; Fondul de Modernizare proiecte de fotovoltaice și autoconsum,informațională,Fondul de Modernizare: proiecte de fotovoltaice și autoconsum,"Centralizează statutul, sursa oficială și pașii de verificare pentru „Fondul de Modernizare: proiecte de fotovoltaice și autoconsum”.",Verifică proiectul,/contact?program=fondul-modernizare-autoconsum,cta_click:fondul-modernizare-autoconsum_long_form_decision,/finantari-panouri-fotovoltaice,/fondul-modernizare-energie-regenerabila-2026,"Înregistrare în registrul unic al programelor; 23 subtitluri, 12 FAQ și sursă: Ministerul Energiei.",keep,,"Rol distinct de program, cu o singură intenție primară și conversie proprie.",APROBAT_PENTRU_ARHITECTURĂ,Consultant programe + editor coordonator,2026-07-19,fondul-de-modernizare-finantari-energie-fotovoltaice-autoconsum/index.html,programs
https://atelierdeconsultanta.ro/fondul-modernizare-energie-regenerabila-2026,/fondul-modernizare-energie-regenerabila-2026,program,Companii și entități cu investiții energetice,Care este statutul verificat și ce trebuie analizat pentru „Fondul pentru ModernizareEnergie regenerabilă”?,fondul modernizare energie regenerabila 2026; Fondul pentru ModernizareEnergie regenerabilă,informațională,Fondul pentru ModernizareEnergie regenerabilă,"Centralizează statutul, sursa oficială și pașii de verificare pentru „Fondul pentru ModernizareEnergie regenerabilă”.",Programează o discuție despre Fondul pentru Modernizare,/contact,cta_click:fondul_modernizare_energie_regenerabila_2026_contact_1,/finantari-panouri-fotovoltaice,/fondul-de-modernizare-finantari-energie-fotovoltaice-autoconsum,"Înregistrare în registrul unic al programelor; 15 subtitluri, 6 FAQ și sursă: Ministerul Energiei.",keep,,"Rol distinct de program, cu o singură intenție primară și conversie proprie.",APROBAT_PENTRU_ARHITECTURĂ,Consultant programe + editor coordonator,2026-07-19,fondul-modernizare-energie-regenerabila-2026/index.html,programs
https://atelierdeconsultanta.ro/fonduri-europene,/fonduri-europene,hub,Solicitanți și beneficiari potențiali,Unde găsește utilizatorul traseele și resursele relevante pentru „Ce program de fonduri europene se potrivește investiției tale?”?,fonduri europene; programe finanțare; accesare fonduri,informațională,Ce program de fonduri europene se potrivește investiției tale?,Ordonează într-un singur punct opțiunile și traseele pentru „Ce program de fonduri europene se potrivește investiției tale?”.,Trimite proiectul,/contact,cta_click:fonduri_europene_contact_1,/,/fonduri-europene-nerambursabile-2026 | /fonduri-nerambursabile,"16 subtitluri distincte, 6 FAQ și 3 linkuri externe în sursa HTML.",keep,,"Rol distinct de hub, cu o singură intenție primară și conversie proprie.",APROBARE_UMANĂ_NECESARĂ,SEO lead + editor coordonator,2026-09-19,fonduri-europene/index.html,core
https://atelierdeconsultanta.ro/fonduri-europene-agricultura,/fonduri-europene-agricultura,hub,Fermieri și antreprenori agroalimentari,Unde găsește utilizatorul traseele și resursele relevante pentru „Fonduri europene pentru agricultură”?,fonduri europene agricultura; Fonduri europene pentru agricultură,navigațională,Fonduri europene pentru agricultură,Ordonează într-un singur punct opțiunile și traseele pentru „Fonduri europene pentru agricultură”.,Verifică eligibilitatea,/contact,cta_click:fonduri_europene_agricultura_contact_1,/fonduri-europene,,"32 subtitluri distincte, 8 FAQ și 2 linkuri externe în sursa HTML.",keep,,"Rol distinct de hub, cu o singură intenție primară și conversie proprie.",APROBAT_PENTRU_ARHITECTURĂ,SEO lead + editor coordonator,2026-09-19,fonduri-europene-agricultura/index.html,core
https://atelierdeconsultanta.ro/fonduri-europene-bucuresti,/fonduri-europene-bucuresti,ghid,Solicitanți din regiunea vizată,Ce trebuie să știe solicitantul despre „Fonduri europene București”?,fonduri europene București-Ilfov; programe regionale,locală,Fonduri europene București,Răspunde complet la întrebarea principală despre „Fonduri europene București” înainte de CTA.,Contact,/contact,cta_click:fonduri_europene_bucuresti_contact_1,/fonduri-europene,/consultanta-fonduri-europene-bucuresti,Semnal local prezent în conținut; dovada unei oferte/experiențe locale distincte necesită validare umană.,rewrite,,"Pagina locală/CAEN poate rămâne numai cu experiență, ofertă și conținut unic demonstrabil; necesită rescriere și validare.",APROBARE_UMANĂ_NECESARĂ,Editor coordonator + consultant tematic,2026-10-19,fonduri-europene-bucuresti/index.html,core
https://atelierdeconsultanta.ro/fonduri-europene-caen/0111-culturi-cereale,/fonduri-europene-caen/0111-culturi-cereale,ghid,IMM-uri din activitatea CAEN vizată,Ce trebuie să știe solicitantul despre „Fonduri europene pentru CAEN 0111 - culturi de cereale”?,fonduri europene caen 0111 culturi cereale; Fonduri europene pentru CAEN 0111 - culturi de cereale,informațională,Fonduri europene pentru CAEN 0111 - culturi de cereale,Răspunde complet la întrebarea principală despre „Fonduri europene pentru CAEN 0111 - culturi de cereale” înainte de CTA.,Contact,/contact,cta_click:fonduri_europene_caen_0111_culturi_cereale_contact_1,/fonduri-europene-imm,,"Pagina are un CAEN specific, dar experiența, oferta și dovezile unice pentru acel CAEN necesită validare umană.",rewrite,,"Pagina locală/CAEN poate rămâne numai cu experiență, ofertă și conținut unic demonstrabil; necesită rescriere și validare.",APROBARE_UMANĂ_NECESARĂ,Editor coordonator + consultant tematic,2026-10-19,fonduri-europene-caen/0111-culturi-cereale/index.html,core
https://atelierdeconsultanta.ro/fonduri-europene-caen/4321-instalatii-electrice,/fonduri-europene-caen/4321-instalatii-electrice,ghid,IMM-uri din activitatea CAEN vizată,Ce trebuie să știe solicitantul despre „Fonduri europene pentru CAEN 4321 - instalații electrice”?,fonduri europene caen 4321 instalatii electrice; Fonduri europene pentru CAEN 4321 - instalații electrice,informațională,Fonduri europene pentru CAEN 4321 - instalații electrice,Răspunde complet la întrebarea principală despre „Fonduri europene pentru CAEN 4321 - instalații electrice” înainte de CTA.,Contact,/contact,cta_click:fonduri_europene_caen_4321_instalatii_electrice_contact_1,/fonduri-europene-imm,,"Pagina are un CAEN specific, dar experiența, oferta și dovezile unice pentru acel CAEN necesită validare umană.",rewrite,,"Pagina locală/CAEN poate rămâne numai cu experiență, ofertă și conținut unic demonstrabil; necesită rescriere și validare.",APROBARE_UMANĂ_NECESARĂ,Editor coordonator + consultant tematic,2026-10-19,fonduri-europene-caen/4321-instalatii-electrice/index.html,core
https://atelierdeconsultanta.ro/fonduri-europene-caen/5610-restaurante,/fonduri-europene-caen/5610-restaurante,ghid,IMM-uri din activitatea CAEN vizată,Ce trebuie să știe solicitantul despre „Fonduri europene pentru CAEN 5610 - restaurante și servicii alimentare”?,fonduri europene caen 5610 restaurante; Fonduri europene pentru CAEN 5610 - restaurante și servicii,informațională,Fonduri europene pentru CAEN 5610 - restaurante și servicii alimentare,Răspunde complet la întrebarea principală despre „Fonduri europene pentru CAEN 5610 - restaurante și servicii alimentare” înainte de CTA.,Contact,/contact,cta_click:fonduri_europene_caen_5610_restaurante_contact_1,/fonduri-europene-imm,,"Pagina are un CAEN specific, dar experiența, oferta și dovezile unice pentru acel CAEN necesită validare umană.",rewrite,,"Pagina locală/CAEN poate rămâne numai cu experiență, ofertă și conținut unic demonstrabil; necesită rescriere și validare.",APROBARE_UMANĂ_NECESARĂ,Editor coordonator + consultant tematic,2026-10-19,fonduri-europene-caen/5610-restaurante/index.html,core
https://atelierdeconsultanta.ro/fonduri-europene-caen/6201-dezvoltare-software,/fonduri-europene-caen/6201-dezvoltare-software,ghid,IMM-uri din activitatea CAEN vizată,Ce trebuie să știe solicitantul despre „Fonduri europene pentru CAEN 6201 - dezvoltare software”?,fonduri europene caen 6201 dezvoltare software; Fonduri europene pentru CAEN 6201 - dezvoltare software,informațională,Fonduri europene pentru CAEN 6201 - dezvoltare software,Răspunde complet la întrebarea principală despre „Fonduri europene pentru CAEN 6201 - dezvoltare software” înainte de CTA.,Contact,/contact,cta_click:fonduri_europene_caen_6201_dezvoltare_software_contact_1,/fonduri-europene-imm,,"Pagina are un CAEN specific, dar experiența, oferta și dovezile unice pentru acel CAEN necesită validare umană.",rewrite,,"Pagina locală/CAEN poate rămâne numai cu experiență, ofertă și conținut unic demonstrabil; necesită rescriere și validare.",APROBARE_UMANĂ_NECESARĂ,Editor coordonator + consultant tematic,2026-10-19,fonduri-europene-caen/6201-dezvoltare-software/index.html,core
https://atelierdeconsultanta.ro/fonduri-europene-digitalizare,/fonduri-europene-digitalizare,hub,IMM-uri care planifică digitalizarea,Unde găsește utilizatorul traseele și resursele relevante pentru „Programe pentru digitalizare și inovare”?,programe digitalizare; inovare; finanțări tehnologie,informațională,Programe pentru digitalizare și inovare,Ordonează într-un singur punct opțiunile și traseele pentru „Programe pentru digitalizare și inovare”.,Începe verificarea proiectului,/verificare-eligibilitate-fonduri-europene,cta_click:project_check_how,/fonduri-europene,/cheltuieli-eligibile-digitalizare-imm | /digitalizare-imm-erp-crm-cloud | /digitalizare-imm-pnrr | /pnrr-digitalizare-imm-cheltuieli-eligibile,"8 subtitluri distincte, 5 FAQ și 1 linkuri externe în sursa HTML.",keep,,"Rol distinct de hub, cu o singură intenție primară și conversie proprie.",APROBAT_PENTRU_ARHITECTURĂ,SEO lead + editor coordonator,2026-09-19,fonduri-europene-digitalizare/index.html,core
https://atelierdeconsultanta.ro/fonduri-europene-femei-antreprenor,/fonduri-europene-femei-antreprenor,hub,Solicitanți și beneficiari potențiali,Unde găsește utilizatorul traseele și resursele relevante pentru „Fonduri europene pentru femei antreprenor: hub de orientare”?,fonduri europene femei antreprenor; Fonduri europene pentru femei antreprenor hub de orientare,navigațională,Fonduri europene pentru femei antreprenor: hub de orientare,Ordonează într-un singur punct opțiunile și traseele pentru „Fonduri europene pentru femei antreprenor: hub de orientare”.,Contact,/contact,cta_click:fonduri_europene_femei_antreprenor_contact_1,/fonduri-europene,/femeia-antreprenor-2026 | /femeia-antreprenor-2026-conditii-idei-afaceri,"30 subtitluri distincte, 6 FAQ și 1 linkuri externe în sursa HTML.",keep,,"Rol distinct de hub, cu o singură intenție primară și conversie proprie.",APROBAT_PENTRU_ARHITECTURĂ,SEO lead + editor coordonator,2026-09-19,fonduri-europene-femei-antreprenor/index.html,core
https://atelierdeconsultanta.ro/fonduri-europene-imm,/fonduri-europene-imm,hub,Solicitanți și beneficiari potențiali,Unde găsește utilizatorul traseele și resursele relevante pentru „Programe pentru antreprenoriat și inițiative GAL”?,programe antreprenoriat; finanțări IMM; apeluri GAL,informațională,Programe pentru antreprenoriat și inițiative GAL,Ordonează într-un singur punct opțiunile și traseele pentru „Programe pentru antreprenoriat și inițiative GAL”.,Începe verificarea proiectului,/verificare-eligibilitate-fonduri-europene,cta_click:project_check_how,/fonduri-europene,,"12 subtitluri distincte, 5 FAQ și 4 linkuri externe în sursa HTML.",keep,,"Rol distinct de hub, cu o singură intenție primară și conversie proprie.",APROBAT_PENTRU_ARHITECTURĂ,SEO lead + editor coordonator,2026-09-19,fonduri-europene-imm/index.html,core
https://atelierdeconsultanta.ro/fonduri-europene-nerambursabile-2026,/fonduri-europene-nerambursabile-2026,ghid,Solicitanți și beneficiari potențiali,Ce trebuie să știe solicitantul despre „Fonduri europene nerambursabile 2026”?,fonduri europene nerambursabile 2026; Fonduri europene nerambursabile 2026,informațională,Fonduri europene nerambursabile 2026,Răspunde complet la întrebarea principală despre „Fonduri europene nerambursabile 2026” înainte de CTA.,Contact,/contact,cta_click:fonduri_europene_nerambursabile_2026_contact_1,/ghiduri,/fonduri-europene | /fonduri-nerambursabile,"24 subtitluri distincte, 13 FAQ și 1 linkuri externe în sursa HTML.",keep,,"Rol distinct de ghid, cu o singură intenție primară și conversie proprie.",APROBAT_PENTRU_ARHITECTURĂ,Editor coordonator + consultant tematic,2026-10-19,fonduri-europene-nerambursabile-2026/index.html,core
https://atelierdeconsultanta.ro/fonduri-europene-nord-est,/fonduri-europene-nord-est,ghid,Solicitanți din regiunea vizată,Ce trebuie să știe solicitantul despre „Fonduri europene în regiunea Nord-Est”?,fonduri europene Nord-Est; finanțări regionale; ADR Nord-Est,locală,Fonduri europene în regiunea Nord-Est,Răspunde complet la întrebarea principală despre „Fonduri europene în regiunea Nord-Est” înainte de CTA.,Trimite datele proiectului,/contact,cta_click:fonduri_europene_nord_est_contact_1,/fonduri-regionale,,"22 subtitluri distincte, 13 FAQ și 7 linkuri externe în sursa HTML.",rewrite,,"Rolul de ghid este util, dar promisiunea, query clusterul sau diferențierea față de URL-urile apropiate trebuie clarificate.",APROBAT_PENTRU_ARHITECTURĂ,Editor coordonator + consultant tematic,2026-10-19,fonduri-europene-nord-est/index.html,core
https://atelierdeconsultanta.ro/fonduri-nerambursabile,/fonduri-nerambursabile,ghid,Solicitanți și beneficiari potențiali,"Ce trebuie să știe solicitantul despre „Fonduri nerambursabile: grant, cofinanțare și obligații”?",grant; contribuție proprie; cash-flow; rambursare; obligații beneficiar,informațională,"Fonduri nerambursabile: grant, cofinanțare și obligații","Răspunde complet la întrebarea principală despre „Fonduri nerambursabile: grant, cofinanțare și obligații” înainte de CTA.",Contact,/contact,cta_click:fonduri_nerambursabile_contact_1,/fonduri-europene,/fonduri-europene | /fonduri-europene-nerambursabile-2026,"33 subtitluri distincte, 8 FAQ și 1 linkuri externe în sursa HTML.",rewrite,,Rol distinct condiționat în harta P0.09; trebuie eliminată suprapunerea și aprobat KPI-ul propriu.,APROBARE_UMANĂ_NECESARĂ,Editor coordonator + consultant tematic,2026-10-19,fonduri-nerambursabile/index.html,core
https://atelierdeconsultanta.ro/fonduri-pentru-ferme,/fonduri-pentru-ferme,hub,Fermieri și antreprenori agroalimentari,Unde găsește utilizatorul traseele și resursele relevante pentru „Fonduri pentru ferme”?,fonduri pentru ferme; Fonduri pentru ferme,navigațională,Fonduri pentru ferme,Ordonează într-un singur punct opțiunile și traseele pentru „Fonduri pentru ferme”.,Contact,/contact,cta_click:fonduri_pentru_ferme_contact_1,/fonduri-europene,,"29 subtitluri distincte, 6 FAQ și 2 linkuri externe în sursa HTML.",keep,,"Rol distinct de hub, cu o singură intenție primară și conversie proprie.",APROBAT_PENTRU_ARHITECTURĂ,SEO lead + editor coordonator,2026-09-19,fonduri-pentru-ferme/index.html,core
https://atelierdeconsultanta.ro/fonduri-pentru-utilaje-agricole,/fonduri-pentru-utilaje-agricole,ghid,Fermieri și antreprenori agroalimentari,Ce trebuie să știe solicitantul despre „Fonduri pentru utilaje agricole”?,fonduri pentru utilaje agricole; Fonduri pentru utilaje agricole,informațională,Fonduri pentru utilaje agricole,Răspunde complet la întrebarea principală despre „Fonduri pentru utilaje agricole” înainte de CTA.,Contact,/contact,cta_click:fonduri_pentru_utilaje_agricole_contact_1,/fonduri-europene-agricultura,,"21 subtitluri distincte, 9 FAQ și 2 linkuri externe în sursa HTML.",keep,,"Rol distinct de ghid, cu o singură intenție primară și conversie proprie.",APROBAT_PENTRU_ARHITECTURĂ,Editor coordonator + consultant tematic,2026-10-19,fonduri-pentru-utilaje-agricole/index.html,core
https://atelierdeconsultanta.ro/fonduri-regionale,/fonduri-regionale,hub,Solicitanți din regiunea vizată,Unde găsește utilizatorul traseele și resursele relevante pentru „Programe regionale și apeluri ADR”?,programe regionale; apeluri ADR; finanțări regionale,informațională,Programe regionale și apeluri ADR,Ordonează într-un singur punct opțiunile și traseele pentru „Programe regionale și apeluri ADR”.,Începe verificarea proiectului,/verificare-eligibilitate-fonduri-europene,cta_click:project_check_how,/fonduri-europene,,"10 subtitluri distincte, 6 FAQ și 3 linkuri externe în sursa HTML.",keep,,"Rol distinct de hub, cu o singură intenție primară și conversie proprie.",APROBAT_PENTRU_ARHITECTURĂ,SEO lead + editor coordonator,2026-09-18,fonduri-regionale/index.html,programs
https://atelierdeconsultanta.ro/gal-afir,/gal-afir,program,Fermieri și antreprenori agroalimentari,Care este statutul verificat și ce trebuie analizat pentru „LEADER / DR-36 prin Grupuri de Acțiune Locală”?,gal afir; LEADER / DR-36 prin Grupuri de Acțiune Locală,informațională,LEADER / DR-36 prin Grupuri de Acțiune Locală,"Centralizează statutul, sursa oficială și pașii de verificare pentru „LEADER / DR-36 prin Grupuri de Acțiune Locală”.",Verifică proiectul,/contact?program=gal-afir-leader,cta_click:gal-afir-leader_long_form_decision,/afir,/apeluri-gal,"Înregistrare în registrul unic al programelor; 28 subtitluri, 12 FAQ și sursă: Agenția pentru Finanțarea Investițiilor Rurale (AFIR).",keep,,"Rol distinct de program, cu o singură intenție primară și conversie proprie.",APROBAT_PENTRU_ARHITECTURĂ,Consultant programe + editor coordonator,2026-07-25,gal-afir/index.html,programs
https://atelierdeconsultanta.ro/ghiduri,/ghiduri,hub,Solicitanți și beneficiari potențiali,Unde găsește utilizatorul traseele și resursele relevante pentru „Ghiduri și resurse pentru fonduri europene”?,ghiduri fonduri europene; checklist proiect,navigațională,Ghiduri și resurse pentru fonduri europene,Ordonează într-un singur punct opțiunile și traseele pentru „Ghiduri și resurse pentru fonduri europene”.,Contact,/contact,cta_click:ghiduri_contact_1,/resurse,/blog | /resurse | /resurse-utile,"31 subtitluri distincte, 7 FAQ și 1 linkuri externe în sursa HTML.",keep,,"Rol distinct de hub, cu o singură intenție primară și conversie proprie.",APROBAT_PENTRU_ARHITECTURĂ,SEO lead + editor coordonator,2026-08-18,ghiduri/index.html,guides
https://atelierdeconsultanta.ro/glosar-fonduri-europene,/glosar-fonduri-europene,ghid,Solicitanți și beneficiari potențiali,Ce trebuie să știe solicitantul despre „Glosar fonduri europene: termeni explicati simplu”?,glosar fonduri europene; Glosar fonduri europene termeni explicati simplu,informațională,Glosar fonduri europene: termeni explicati simplu,Răspunde complet la întrebarea principală despre „Glosar fonduri europene: termeni explicati simplu” înainte de CTA.,Trimite întrebarea,/contact,cta_click:glosar_fonduri_europene_contact_1,/ghiduri,,"10 subtitluri distincte, 4 FAQ și 0 linkuri externe în sursa HTML.",keep,,"Rol distinct de ghid, cu o singură intenție primară și conversie proprie.",APROBAT_PENTRU_ARHITECTURĂ,Editor coordonator + consultant tematic,2026-10-19,glosar-fonduri-europene/index.html,guides
https://atelierdeconsultanta.ro/greseli-fonduri-europene,/greseli-fonduri-europene,ghid,Solicitanți și beneficiari potențiali,Ce trebuie să știe solicitantul despre „Greșeli frecvente la fonduri europene”?,greseli fonduri europene; Greșeli frecvente la fonduri europene,informațională,Greșeli frecvente la fonduri europene,Răspunde complet la întrebarea principală despre „Greșeli frecvente la fonduri europene” înainte de CTA.,Contact,/contact,cta_click:greseli_fonduri_europene_contact_1,/ghiduri,,"30 subtitluri distincte, 6 FAQ și 1 linkuri externe în sursa HTML.",keep,,"Rol distinct de ghid, cu o singură intenție primară și conversie proprie.",APROBAT_PENTRU_ARHITECTURĂ,Editor coordonator + consultant tematic,2026-10-19,greseli-fonduri-europene/index.html,guides
https://atelierdeconsultanta.ro/idei-afaceri-fonduri-europene,/idei-afaceri-fonduri-europene,hub,Antreprenori și viitori antreprenori,Unde găsește utilizatorul traseele și resursele relevante pentru „Idei de afaceri cu fonduri europene”?,idei afaceri fonduri europene; Idei de afaceri cu fonduri europene,navigațională,Idei de afaceri cu fonduri europene,Ordonează într-un singur punct opțiunile și traseele pentru „Idei de afaceri cu fonduri europene”.,Deschide resursa relevantă,/fonduri-europene,child_page_click,/fonduri-europene,,"16 subtitluri distincte, 4 FAQ și 0 linkuri externe în sursa HTML.",keep,,"Rol distinct de hub, cu o singură intenție primară și conversie proprie.",APROBAT_PENTRU_ARHITECTURĂ,SEO lead + editor coordonator,2026-09-19,idei-afaceri-fonduri-europene.html,core
https://atelierdeconsultanta.ro/instrumente,/instrumente,hub,Solicitanți și beneficiari potențiali,Unde găsește utilizatorul traseele și resursele relevante pentru „Instrumente interactive pentru fonduri europene”?,instrumente fonduri europene; calculator; calendar,navigațională,Instrumente interactive pentru fonduri europene,Ordonează într-un singur punct opțiunile și traseele pentru „Instrumente interactive pentru fonduri europene”.,Alege un instrument,/contact,tool_open,/fonduri-europene,,"31 subtitluri distincte, 4 FAQ și 1 linkuri externe în sursa HTML.",keep,,"Rol distinct de hub, cu o singură intenție primară și conversie proprie.",APROBAT_PENTRU_ARHITECTURĂ,SEO lead + editor coordonator,2026-08-18,instrumente/index.html,core
https://atelierdeconsultanta.ro/intrebari-frecvente,/intrebari-frecvente,hub,Solicitanți și beneficiari potențiali,Unde găsește utilizatorul traseele și resursele relevante pentru „Întrebări frecvente despre fonduri europene”?,întrebări frecvente fonduri europene; răspunsuri solicitanți,informațională,Întrebări frecvente despre fonduri europene,Ordonează într-un singur punct opțiunile și traseele pentru „Întrebări frecvente despre fonduri europene”.,Contact,/contact,cta_click:intrebari_frecvente_contact_1,/resurse,,"29 subtitluri distincte, 6 FAQ și 1 linkuri externe în sursa HTML.",keep,,"Rol distinct de hub, cu o singură intenție primară și conversie proprie.",APROBAT_PENTRU_ARHITECTURĂ,SEO lead + editor coordonator,2026-09-19,intrebari-frecvente/index.html,guides
https://atelierdeconsultanta.ro/intrebari/ce-cheltuieli-sunt-eligibile-la-digitalizare-imm,/intrebari/ce-cheltuieli-sunt-eligibile-la-digitalizare-imm,întrebare,IMM-uri care planifică digitalizarea,Raspuns rapid: Ce cheltuieli sunt eligibile la Digitalizare IMM?,intrebari ce cheltuieli sunt eligibile la digitalizare imm; Raspuns rapid Ce cheltuieli sunt eligibile la Digitalizare IMM?,informațională,Raspuns rapid: Ce cheltuieli sunt eligibile la Digitalizare IMM?,"Oferă un răspuns direct, documentat și legătura către ghidul complet pentru „Raspuns rapid: Ce cheltuieli sunt eligibile la Digitalizare IMM?”.",Trimite datele proiectului,/contact,cta_click:intrebari_ce_cheltuieli_sunt_eligibile_la_digitalizare_imm_contact_1,/intrebari-frecvente,,Răspuns focalizat pe o singură întrebare; 25 subtitluri și 2 linkuri externe.,keep,,"Rol distinct de întrebare, cu o singură intenție primară și conversie proprie.",APROBAT_PENTRU_ARHITECTURĂ,Editor coordonator + consultant tematic,2026-10-19,intrebari/ce-cheltuieli-sunt-eligibile-la-digitalizare-imm/index.html,guides
https://atelierdeconsultanta.ro/intrebari/ce-documente-sunt-necesare-pentru-dr12,/intrebari/ce-documente-sunt-necesare-pentru-dr12,întrebare,Fermieri și antreprenori agroalimentari,Raspuns rapid: Ce documente sunt necesare pentru DR12?,intrebari ce documente sunt necesare pentru dr12; Raspuns rapid Ce documente sunt necesare pentru DR12?,informațională,Raspuns rapid: Ce documente sunt necesare pentru DR12?,"Oferă un răspuns direct, documentat și legătura către ghidul complet pentru „Raspuns rapid: Ce documente sunt necesare pentru DR12?”.",Trimite datele proiectului,/contact,cta_click:intrebari_ce_documente_sunt_necesare_pentru_dr12_contact_1,/intrebari-frecvente,,Răspuns focalizat pe o singură întrebare; 25 subtitluri și 2 linkuri externe.,keep,,"Rol distinct de întrebare, cu o singură intenție primară și conversie proprie.",APROBAT_PENTRU_ARHITECTURĂ,Editor coordonator + consultant tematic,2026-10-19,intrebari/ce-documente-sunt-necesare-pentru-dr12/index.html,guides
https://atelierdeconsultanta.ro/intrebari/cum-se-calculeaza-cofinantarea-la-fonduri-europene,/intrebari/cum-se-calculeaza-cofinantarea-la-fonduri-europene,întrebare,Solicitanți și beneficiari potențiali,Raspuns rapid: Cum se calculează cofinanțarea la fonduri europene?,cum se calculează contribuția proprie; cofinanțare,informațională,Raspuns rapid: Cum se calculează cofinanțarea la fonduri europene?,"Oferă un răspuns direct, documentat și legătura către ghidul complet pentru „Raspuns rapid: Cum se calculează cofinanțarea la fonduri europene?”.",Trimite datele proiectului,/contact,cta_click:intrebari_cum_se_calculeaza_cofinantarea_la_fonduri_europene_contact_1,/intrebari-frecvente,/cum-se-calculeaza-cofinantarea-fonduri-europene,Valoarea distinctă nu este demonstrată față de /cum-se-calculeaza-cofinantarea-fonduri-europene; conținutul unic trebuie inventariat înainte de consolidare.,merge,/cum-se-calculeaza-cofinantarea-fonduri-europene,Intenția se suprapune cu /cum-se-calculeaza-cofinantarea-fonduri-europene; se păstrează doar conținutul unic după aprobarea SEO/business.,APROBARE_UMANĂ_NECESARĂ,Editor coordonator + consultant tematic,2026-10-19,intrebari/cum-se-calculeaza-cofinantarea-la-fonduri-europene/index.html,guides
https://atelierdeconsultanta.ro/investitii-modernizarea-microintreprinderilor-apel-2,/investitii-modernizarea-microintreprinderilor-apel-2,program,Companii și entități cu investiții energetice,Care este statutul verificat și ce trebuie analizat pentru „Investiții pentru modernizarea microîntreprinderilor – Apel 2 Nord-Est”?,investitii modernizarea microintreprinderilor apel 2; Investiții pentru modernizarea microîntreprinderilor Apel 2 Nord-Est,informațională,Investiții pentru modernizarea microîntreprinderilor – Apel 2 Nord-Est,"Centralizează statutul, sursa oficială și pașii de verificare pentru „Investiții pentru modernizarea microîntreprinderilor – Apel 2 Nord-Est”.",Solicită verificare eligibilitate pentru Apel 2,/contact,cta_click:investitii_modernizarea_microintreprinderilor_apel_2_contact_1,/finantari-panouri-fotovoltaice,,"Înregistrare în registrul unic al programelor; 19 subtitluri, 8 FAQ și sursă: ADR Nord-Est.",keep,,"Rol distinct de program, cu o singură intenție primară și conversie proprie.",APROBAT_PENTRU_ARHITECTURĂ,Consultant programe + editor coordonator,2026-08-01,investitii-modernizarea-microintreprinderilor-apel-2/index.html,programs
https://atelierdeconsultanta.ro/management-proiecte-fonduri-europene,/management-proiecte-fonduri-europene,serviciu,Decidenți care caută sprijin pentru proiect,Ce include și când este potrivit serviciul „Managementul proiectelor finanțate din fonduri europene”?,management proiecte fonduri europene; Managementul proiectelor finanțate din fonduri europene,comercială,Managementul proiectelor finanțate din fonduri europene,"Explică livrabilul, limitele și traseul de lucru pentru „Managementul proiectelor finanțate din fonduri europene”.",contact,/contact,cta_click:management_proiecte_fonduri_europene_contact_2,/consultanta-fonduri-europene,,"19 subtitluri distincte, 5 FAQ și 0 linkuri externe în sursa HTML.",keep,,"Rol distinct de serviciu, cu o singură intenție primară și conversie proprie.",APROBAT_PENTRU_ARHITECTURĂ,Owner serviciu + SEO lead,2026-09-19,management-proiecte-fonduri-europene/index.html,core
https://atelierdeconsultanta.ro/metodologie-verificare-eligibilitate,/metodologie-verificare-eligibilitate,ghid,Solicitanți și beneficiari potențiali,Ce trebuie să știe solicitantul despre „Metodologia FABER pentru verificarea eligibilității la fonduri europene”?,metodologie verificare; surse; pași control eligibilitate,informațională,Metodologia FABER pentru verificarea eligibilității la fonduri europene,Răspunde complet la întrebarea principală despre „Metodologia FABER pentru verificarea eligibilității la fonduri europene” înainte de CTA.,Trimite detaliile proiectului,/contact,cta_click:metodologie_verificare_eligibilitate_contact_1,/eligibilitate-fonduri-europene,/cum-se-verifica-eligibilitatea-fonduri-europene | /eligibilitate-fonduri-europene | /verificare-eligibilitate-fonduri-europene,"15 subtitluri distincte, 3 FAQ și 0 linkuri externe în sursa HTML.",keep,,"Rol distinct de ghid, cu o singură intenție primară și conversie proprie.",APROBAT_PENTRU_ARHITECTURĂ,Editor coordonator + consultant tematic,2026-10-19,metodologie-verificare-eligibilitate/index.html,guides
https://atelierdeconsultanta.ro/plan-de-afaceri-fonduri-europene,/plan-de-afaceri-fonduri-europene,serviciu,Decidenți care caută sprijin pentru proiect,Ce include și când este potrivit serviciul „Plan de afaceri pentru proiecte finanțate”?,plan de afaceri fonduri europene; Plan de afaceri pentru proiecte finanțate,comercială,Plan de afaceri pentru proiecte finanțate,"Explică livrabilul, limitele și traseul de lucru pentru „Plan de afaceri pentru proiecte finanțate”.",contact,/contact,cta_click:plan_de_afaceri_fonduri_europene_contact_2,/consultanta-fonduri-europene,,"18 subtitluri distincte, 5 FAQ și 0 linkuri externe în sursa HTML.",keep,,"Rol distinct de serviciu, cu o singură intenție primară și conversie proprie.",APROBAT_PENTRU_ARHITECTURĂ,Owner serviciu + SEO lead,2026-09-19,plan-de-afaceri-fonduri-europene/index.html,core
https://atelierdeconsultanta.ro/pnrr-digitalizare-imm-cheltuieli-eligibile,/pnrr-digitalizare-imm-cheltuieli-eligibile,ghid,IMM-uri care planifică digitalizarea,Ce trebuie să știe solicitantul despre „PNRR Digitalizare IMM: cheltuieli eligibile”?,pnrr digitalizare imm cheltuieli eligibile; PNRR Digitalizare IMM cheltuieli eligibile,informațională,PNRR Digitalizare IMM: cheltuieli eligibile,Răspunde complet la întrebarea principală despre „PNRR Digitalizare IMM: cheltuieli eligibile” înainte de CTA.,Solicită verificare eligibilitate,/contact,cta_click:pnrr_digitalizare_imm_cheltuieli_eligibile_contact_2,/fonduri-europene-digitalizare,/cheltuieli-eligibile-digitalizare-imm | /digitalizare-imm-erp-crm-cloud | /digitalizare-imm-pnrr | /fonduri-europene-digitalizare,"12 subtitluri distincte, 3 FAQ și 1 linkuri externe în sursa HTML.",keep,,"Rol distinct de ghid, cu o singură intenție primară și conversie proprie.",APROBAT_PENTRU_ARHITECTURĂ,Editor coordonator + consultant tematic,2026-10-19,pnrr-digitalizare-imm-cheltuieli-eligibile.html,guides
https://atelierdeconsultanta.ro/pocidif-21,/pocidif-21,program,IMM-uri care planifică digitalizarea,"Care este statutul verificat și ce trebuie analizat pentru „PoCIDIF – Acțiunea 2.1 Dezvoltarea de noi servicii, aplicații și produse prin inovare și adoptarea de tehnologii avansate”?","pocidif 21; PoCIDIF Acțiunea 2.1 Dezvoltarea de noi servicii, aplicații și",informațională,"PoCIDIF – Acțiunea 2.1 Dezvoltarea de noi servicii, aplicații și produse prin inovare și adoptarea de tehnologii avansate","Centralizează statutul, sursa oficială și pașii de verificare pentru „PoCIDIF – Acțiunea 2.1 Dezvoltarea de noi servicii, aplicații și produse prin inovare și adoptarea de tehnologii avansate”.",Verifică proiectul,/contact?program=pocidif-21,cta_click:pocidif-21_long_form_decision,/fonduri-europene,,"Înregistrare în registrul unic al programelor; 21 subtitluri, 12 FAQ și sursă: Ministerul Investițiilor și Proiectelor Europene.",keep,,"Rol distinct de program, cu o singură intenție primară și conversie proprie.",APROBAT_PENTRU_ARHITECTURĂ,Consultant programe + editor coordonator,2026-09-11,pocidif-21/index.html,programs
https://atelierdeconsultanta.ro/politica-de-confidentialitate,/politica-de-confidentialitate,legal,"Vizitatori, lead-uri și persoane vizate",Ce reguli și drepturi explică „Politica de Confidențialitate”?,politică de confidențialitate; date personale; drepturi GDPR,navigațională,Politica de Confidențialitate,Prezintă versiunea aprobată și regulile aplicabile pentru „Politica de Confidențialitate”.,Exercită un drept privind datele,mailto:atelier.consultanta@gmail.com,privacy_contact,/,/gdpr,"14 subtitluri distincte, 0 FAQ și 2 linkuri externe în sursa HTML.",rewrite,,"Rolul de legal este util, dar promisiunea, query clusterul sau diferențierea față de URL-urile apropiate trebuie clarificate.",APROBARE_UMANĂ_NECESARĂ,Owner business + jurist,DE_VALIDAT_UMAN,politica-de-confidentialitate.html,core
https://atelierdeconsultanta.ro/por-adr-nord-est,/por-adr-nord-est,program,Solicitanți din regiunea vizată,Care este statutul verificat și ce trebuie analizat pentru „Programul Regional Nord-Est 2021–2027”?,por adr nord est; Programul Regional Nord-Est 2021 2027,informațională,Programul Regional Nord-Est 2021–2027,"Centralizează statutul, sursa oficială și pașii de verificare pentru „Programul Regional Nord-Est 2021–2027”.",Verifică proiectul,/contact?program=program-regional-nord-est,cta_click:program-regional-nord-est_long_form_decision,/fonduri-europene,,"Înregistrare în registrul unic al programelor; 11 subtitluri, 12 FAQ și sursă: ADR Nord-Est.",keep,,"Rol distinct de program, cu o singură intenție primară și conversie proprie.",APROBAT_PENTRU_ARHITECTURĂ,Consultant programe + editor coordonator,2026-09-18,por-adr-nord-est/index.html,programs
https://atelierdeconsultanta.ro/programul-tranzitie-justa-intrebari-documente,/programul-tranzitie-justa-intrebari-documente,ghid,Solicitanți și beneficiari potențiali,Ce trebuie să știe solicitantul despre „Programul Tranziție Justă: întrebări și documente pentru verificare”?,programul tranzitie justa intrebari documente; Programul Tranziție Justă întrebări și documente pentru verificare,informațională,Programul Tranziție Justă: întrebări și documente pentru verificare,Răspunde complet la întrebarea principală despre „Programul Tranziție Justă: întrebări și documente pentru verificare” înainte de CTA.,Solicită verificare eligibilitate,/contact,cta_click:programul_tranzitie_justa_intrebari_documente_contact_1,/ghiduri,,"18 subtitluri distincte, 6 FAQ și 0 linkuri externe în sursa HTML.",keep,,"Rol distinct de ghid, cu o singură intenție primară și conversie proprie.",APROBAT_PENTRU_ARHITECTURĂ,Editor coordonator + consultant tematic,2026-10-19,programul-tranzitie-justa-intrebari-documente/index.html,guides
https://atelierdeconsultanta.ro/proiectare-fonduri-europene,/proiectare-fonduri-europene,serviciu,Decidenți care caută sprijin pentru proiect,Ce include și când este potrivit serviciul „Proiectare pentru investiții finanțate din fonduri europene”?,proiectare fonduri europene; Proiectare pentru investiții finanțate din fonduri europene,comercială,Proiectare pentru investiții finanțate din fonduri europene,"Explică livrabilul, limitele și traseul de lucru pentru „Proiectare pentru investiții finanțate din fonduri europene”.",contact,/contact,cta_click:proiectare_fonduri_europene_contact_2,/consultanta-fonduri-europene,,"20 subtitluri distincte, 5 FAQ și 0 linkuri externe în sursa HTML.",keep,,"Rol distinct de serviciu, cu o singură intenție primară și conversie proprie.",APROBAT_PENTRU_ARHITECTURĂ,Owner serviciu + SEO lead,2026-09-19,proiectare-fonduri-europene/index.html,core
https://atelierdeconsultanta.ro/resurse,/resurse,hub,Solicitanți și beneficiari potențiali,Unde găsește utilizatorul traseele și resursele relevante pentru „Resurse descarcabile pentru pregătirea dosarului”?,resurse fonduri europene; ghiduri; instrumente; surse,navigațională,Resurse descarcabile pentru pregătirea dosarului,Ordonează într-un singur punct opțiunile și traseele pentru „Resurse descarcabile pentru pregătirea dosarului”.,Cere actualizări pentru program,/contact,cta_click:resurse_contact_1,/,/blog | /ghiduri | /resurse-utile,"28 subtitluri distincte, 4 FAQ și 1 linkuri externe în sursa HTML.",keep,,"Rol distinct de hub, cu o singură intenție primară și conversie proprie.",APROBAT_PENTRU_ARHITECTURĂ,SEO lead + editor coordonator,2026-08-18,resurse/index.html,guides
https://atelierdeconsultanta.ro/resurse-utile,/resurse-utile,hub,Solicitanți și beneficiari potențiali,Unde găsește utilizatorul traseele și resursele relevante pentru „Resurse utile pentru proiecte cu fonduri europene”?,resurse utile fonduri europene; linkuri; documente,navigațională,Resurse utile pentru proiecte cu fonduri europene,Ordonează într-un singur punct opțiunile și traseele pentru „Resurse utile pentru proiecte cu fonduri europene”.,Solicită verificare eligibilitate,/contact,cta_click:resurse_utile_contact_1,/resurse,/blog | /ghiduri | /resurse,"Valoarea distinctă nu este demonstrată față de /blog, /ghiduri, /resurse; conținutul unic trebuie inventariat înainte de consolidare.",merge,/resurse,Intenția se suprapune cu /resurse; se păstrează doar conținutul unic după aprobarea SEO/business.,APROBARE_UMANĂ_NECESARĂ,SEO lead + editor coordonator,2026-09-19,resurse-utile/index.html,guides
https://atelierdeconsultanta.ro/start-up-nation-2026,/start-up-nation-2026,program,Antreprenori și viitori antreprenori,Care este statutul verificat și ce trebuie analizat pentru „Programul Start-Up Nation”?,start up nation 2026; Programul Start-Up Nation,informațională,Programul Start-Up Nation,"Centralizează statutul, sursa oficială și pașii de verificare pentru „Programul Start-Up Nation”.",Verifică scenariul Start-Up Nation,/contact,cta_click:start_up_nation_2026_contact_1,/fonduri-europene-imm,/consultanta-start-up-nation-2026 | /start-up-nation-2026-cheltuieli-eligibile | /start-up-nation-2026-conditii | /start-up-nation-2026-idei-afaceri | /start-up-nation-2026-plan-de-afaceri,"Înregistrare în registrul unic al programelor; 27 subtitluri, 8 FAQ și sursă: Ministerul Economiei.",keep,,"Rol distinct de program, cu o singură intenție primară și conversie proprie.",APROBAT_PENTRU_ARHITECTURĂ,Consultant programe + editor coordonator,2026-07-19,start-up-nation-2026/index.html,programs
https://atelierdeconsultanta.ro/start-up-nation-2026-cheltuieli-eligibile,/start-up-nation-2026-cheltuieli-eligibile,ghid,Antreprenori și viitori antreprenori,Ce trebuie să știe solicitantul despre „Start Up Nation 2026: cheltuieli eligibile”?,start up nation 2026 cheltuieli eligibile; Start Up Nation 2026 cheltuieli eligibile,informațională,Start Up Nation 2026: cheltuieli eligibile,Răspunde complet la întrebarea principală despre „Start Up Nation 2026: cheltuieli eligibile” înainte de CTA.,Verifică eligibilitatea,/contact,cta_click:start_up_nation_2026_cheltuieli_eligibile_contact_1,/fonduri-europene-imm,/consultanta-start-up-nation-2026 | /start-up-nation-2026 | /start-up-nation-2026-conditii | /start-up-nation-2026-idei-afaceri | /start-up-nation-2026-plan-de-afaceri,"23 subtitluri distincte, 9 FAQ și 1 linkuri externe în sursa HTML.",keep,,"Rol distinct de ghid, cu o singură intenție primară și conversie proprie.",APROBAT_PENTRU_ARHITECTURĂ,Editor coordonator + consultant tematic,2026-08-18,start-up-nation-2026-cheltuieli-eligibile/index.html,guides
https://atelierdeconsultanta.ro/start-up-nation-2026-conditii,/start-up-nation-2026-conditii,ghid,Antreprenori și viitori antreprenori,Ce trebuie să știe solicitantul despre „Start-Up Nation 2026: checklist de condiții”?,start up nation 2026 conditii; Start-Up Nation 2026 checklist de condiții,informațională,Start-Up Nation 2026: checklist de condiții,Răspunde complet la întrebarea principală despre „Start-Up Nation 2026: checklist de condiții” înainte de CTA.,Trimite datele proiectului,/contact,cta_click:start_up_nation_2026_conditii_contact_1,/fonduri-europene-imm,/consultanta-start-up-nation-2026 | /start-up-nation-2026 | /start-up-nation-2026-cheltuieli-eligibile | /start-up-nation-2026-idei-afaceri | /start-up-nation-2026-plan-de-afaceri,"23 subtitluri distincte, 9 FAQ și 1 linkuri externe în sursa HTML.",keep,,"Rol distinct de ghid, cu o singură intenție primară și conversie proprie.",APROBAT_PENTRU_ARHITECTURĂ,Editor coordonator + consultant tematic,2026-08-18,start-up-nation-2026-conditii/index.html,guides
https://atelierdeconsultanta.ro/start-up-nation-2026-idei-afaceri,/start-up-nation-2026-idei-afaceri,ghid,Antreprenori și viitori antreprenori,Ce trebuie să știe solicitantul despre „Start Up Nation 2026: idei de afaceri”?,start up nation 2026 idei afaceri; Start Up Nation 2026 idei de afaceri,informațională,Start Up Nation 2026: idei de afaceri,Răspunde complet la întrebarea principală despre „Start Up Nation 2026: idei de afaceri” înainte de CTA.,Verifică eligibilitatea,/contact,cta_click:start_up_nation_2026_idei_afaceri_contact_1,/fonduri-europene-imm,/consultanta-start-up-nation-2026 | /start-up-nation-2026 | /start-up-nation-2026-cheltuieli-eligibile | /start-up-nation-2026-conditii | /start-up-nation-2026-plan-de-afaceri,"23 subtitluri distincte, 9 FAQ și 1 linkuri externe în sursa HTML.",keep,,"Rol distinct de ghid, cu o singură intenție primară și conversie proprie.",APROBAT_PENTRU_ARHITECTURĂ,Editor coordonator + consultant tematic,2026-08-18,start-up-nation-2026-idei-afaceri/index.html,guides
https://atelierdeconsultanta.ro/start-up-nation-2026-plan-de-afaceri,/start-up-nation-2026-plan-de-afaceri,serviciu,Antreprenori și viitori antreprenori,Ce include și când este potrivit serviciul „Start Up Nation 2026: plan de afaceri”?,start up nation 2026 plan de afaceri; Start Up Nation 2026 plan de afaceri,comercială,Start Up Nation 2026: plan de afaceri,"Explică livrabilul, limitele și traseul de lucru pentru „Start Up Nation 2026: plan de afaceri”.",Verifică eligibilitatea,/contact,cta_click:start_up_nation_2026_plan_de_afaceri_contact_1,/consultanta-fonduri-europene,/consultanta-start-up-nation-2026 | /start-up-nation-2026 | /start-up-nation-2026-cheltuieli-eligibile | /start-up-nation-2026-conditii | /start-up-nation-2026-idei-afaceri,"31 subtitluri distincte, 6 FAQ și 1 linkuri externe în sursa HTML.",keep,,"Rol distinct de serviciu, cu o singură intenție primară și conversie proprie.",APROBAT_PENTRU_ARHITECTURĂ,Owner serviciu + SEO lead,2026-08-18,start-up-nation-2026-plan-de-afaceri/index.html,guides
https://atelierdeconsultanta.ro/studii-de-caz-fonduri-europene,/studii-de-caz-fonduri-europene,studiu_de_caz,Solicitanți și beneficiari potențiali,Ce dovezi și lecții verificabile oferă „Studii de caz anonimizate: proiecte pregătite pentru fonduri europene”?,studii de caz fonduri europene; exemple proiecte; lecții,informațională,Studii de caz anonimizate: proiecte pregătite pentru fonduri europene,"Arată dovezi verificabile, context și lecții transferabile pentru „Studii de caz anonimizate: proiecte pregătite pentru fonduri europene”.",Trimite detaliile proiectului,/contact,cta_click:studii_de_caz_fonduri_europene_contact_1,/resurse,,"15 subtitluri distincte, 5 FAQ și 0 linkuri externe în sursa HTML.",rewrite,,"Rolul de studiu_de_caz este util, dar promisiunea, query clusterul sau diferențierea față de URL-urile apropiate trebuie clarificate.",APROBAT_PENTRU_ARHITECTURĂ,Owner business + editor coordonator,2026-10-19,studii-de-caz-fonduri-europene/index.html,guides
https://atelierdeconsultanta.ro/studiu-fezabilitate-fonduri-europene,/studiu-fezabilitate-fonduri-europene,serviciu,Decidenți care caută sprijin pentru proiect,Ce include și când este potrivit serviciul „Studiu de fezabilitate pentru proiecte cu fonduri europene”?,studiu fezabilitate fonduri europene; Studiu de fezabilitate pentru proiecte cu fonduri europene,comercială,Studiu de fezabilitate pentru proiecte cu fonduri europene,"Explică livrabilul, limitele și traseul de lucru pentru „Studiu de fezabilitate pentru proiecte cu fonduri europene”.",Trimite detaliile proiectului,/contact,cta_click:studiu_fezabilitate_fonduri_europene_contact_2,/consultanta-fonduri-europene,,"18 subtitluri distincte, 5 FAQ și 0 linkuri externe în sursa HTML.",keep,,"Rol distinct de serviciu, cu o singură intenție primară și conversie proprie.",APROBAT_PENTRU_ARHITECTURĂ,Owner serviciu + SEO lead,2026-09-19,studiu-fezabilitate-fonduri-europene/index.html,core
https://atelierdeconsultanta.ro/surse-oficiale-fonduri-europene,/surse-oficiale-fonduri-europene,ghid,Solicitanți și beneficiari potențiali,Ce trebuie să știe solicitantul despre „Surse oficiale pentru fonduri europene și finanțări nerambursabile”?,surse oficiale fonduri europene; Surse oficiale pentru fonduri europene și finanțări nerambursabile,informațională,Surse oficiale pentru fonduri europene și finanțări nerambursabile,Răspunde complet la întrebarea principală despre „Surse oficiale pentru fonduri europene și finanțări nerambursabile” înainte de CTA.,Trimite programul,/contact,cta_click:surse_oficiale_fonduri_europene_contact_1,/ghiduri,,"11 subtitluri distincte, 4 FAQ și 9 linkuri externe în sursa HTML.",keep,,"Rol distinct de ghid, cu o singură intenție primară și conversie proprie.",APROBAT_PENTRU_ARHITECTURĂ,Editor coordonator + consultant tematic,2026-10-19,surse-oficiale-fonduri-europene/index.html,guides
https://atelierdeconsultanta.ro/termeni-si-conditii,/termeni-si-conditii,legal,"Vizitatori, lead-uri și persoane vizate",Ce reguli și drepturi explică „Termeni și Condiții”?,termeni și condiții; utilizarea site-ului,navigațională,Termeni și Condiții,Prezintă versiunea aprobată și regulile aplicabile pentru „Termeni și Condiții”.,atelier.consultanță@gmail.com,mailto:atelier.consultanta@gmail.com,cta_click:email_contact,/,,"13 subtitluri distincte, 0 FAQ și 3 linkuri externe în sursa HTML.",rewrite,,"Rolul de legal este util, dar promisiunea, query clusterul sau diferențierea față de URL-urile apropiate trebuie clarificate.",APROBAT_PENTRU_ARHITECTURĂ,Owner business + jurist,DE_VALIDAT_UMAN,termeni-si-conditii.html,guides
https://atelierdeconsultanta.ro/verificare-eligibilitate-fonduri-europene,/verificare-eligibilitate-fonduri-europene,serviciu,Decidenți care caută sprijin pentru proiect,Ce include și când este potrivit serviciul „Verificare inițială a eligibilității pentru fonduri europene”?,serviciu verificare eligibilitate; analiză proiect; proces verificare,comercială,Verificare inițială a eligibilității pentru fonduri europene,"Explică livrabilul, limitele și traseul de lucru pentru „Verificare inițială a eligibilității pentru fonduri europene”.",trimite documentele pentru verificarea inițială Transmite datele solicitantului și…,/contact,cta_click:verificare-eligibilitate-fonduri-europene_contextual_conversion,/consultanta-fonduri-europene,/cum-se-verifica-eligibilitatea-fonduri-europene | /eligibilitate-fonduri-europene | /metodologie-verificare-eligibilitate,"36 subtitluri distincte, 8 FAQ și 1 linkuri externe în sursa HTML.",rewrite,,Rol distinct condiționat în harta P0.09; trebuie eliminată suprapunerea și aprobat KPI-ul propriu.,APROBARE_UMANĂ_NECESARĂ,Owner serviciu + SEO lead,2026-09-19,verificare-eligibilitate-fonduri-europene/index.html,core
https://atelierdeconsultanta.ro/webinarii,/webinarii,hub,Solicitanți și beneficiari potențiali,Unde găsește utilizatorul traseele și resursele relevante pentru „Webinarii și evenimente despre fonduri europene”?,webinarii fonduri europene; sesiuni informare,navigațională,Webinarii și evenimente despre fonduri europene,Ordonează într-un singur punct opțiunile și traseele pentru „Webinarii și evenimente despre fonduri europene”.,Contact,/contact,cta_click:webinarii_contact_1,/resurse,,"27 subtitluri distincte, 4 FAQ și 1 linkuri externe în sursa HTML.",rewrite,,"Rolul de hub este util, dar promisiunea, query clusterul sau diferențierea față de URL-urile apropiate trebuie clarificate.",APROBAT_PENTRU_ARHITECTURĂ,SEO lead + editor coordonator,2026-08-18,webinarii/index.html,guides
