"file","title","h1","canonical","robots","words","json_ld_types","faq_visible","faq_required","speakable_blocks","speakable_schema","words_required","under_min_words"
"404.html","Pagina nu a fost găsită | FABER","Pagina nu a fost găsită","","noindex, follow","374","","0","","0","no","","no"
"acte-necesare-fonduri-europene-nerambursabile.html","Acte necesare pentru fonduri europene - checklist dosar","Acte necesare pentru fonduri europene nerambursabile","https://atelierdeconsultanta.ro/acte-necesare-fonduri-europene-nerambursabile","index, follow","1634","","4","4","0","no","900","no"
"acte-necesare-fonduri-europene-nerambursabile/index.html","Acte necesare pentru fonduri europene - checklist dosar","Acte necesare pentru fonduri europene nerambursabile","https://atelierdeconsultanta.ro/acte-necesare-fonduri-europene-nerambursabile","index, follow","1735","","4","4","0","no","900","no"
"admin/index.html","FABER Admin Panel","FABER Admin Panel","https://atelierdeconsultanta.ro/admin","noindex,nofollow","565","","0","","0","no","","no"
"afir-autoconsum-agroalimentar.html","AFIR Autoconsum 2026: fotovoltaice, stocare, ghid | FABER","AFIR Autoconsum Agroalimentar 2026 – energie solară pentru ferme și procesatori","https://atelierdeconsultanta.ro/afir-autoconsum-agroalimentar","index, follow","3607","","10","8","0","no","2200","no"
"afir-autoconsum-agroalimentar/index.html","AFIR Autoconsum 2026: fotovoltaice, stocare, ghid | FABER","AFIR Autoconsum Agroalimentar","https://atelierdeconsultanta.ro/afir-autoconsum-agroalimentar","index, follow","2684","","10","8","0","no","2200","no"
"afir.html","Redirectionare | afir","Esti redirectionat către o noua adresă","https://atelierdeconsultanta.ro/afir","noindex, follow","363","","0","","0","no","","no"
"afir/index.html","AFIR | calculator SO, DR12, DR14 și GAL","Programe AFIR și finanțări pentru agricultură","https://atelierdeconsultanta.ro/afir","index, follow","1105","","5","5","0","no","700","no"
"apeluri-gal/index.html","Apeluri GAL: ghid local, criterii și documente","Apeluri GALFinanțări locale","https://atelierdeconsultanta.ro/apeluri-gal","index, follow","2490","","8","4","0","no","1100","no"
"autoconsum-public-fotovoltaice-institutii-publice.html","PC1 Autoconsum entități publice 2026: 10 mil. €","Autoconsum PubliciEnergie Regenerabilă","https://atelierdeconsultanta.ro/autoconsum-public-fotovoltaice-institutii-publice","index, follow","2185","","6","4","0","no","1100","no"
"autoconsum-public-fotovoltaice-institutii-publice/index.html","PC1 Autoconsum entități publice 2026: 10 mil. €","PC1 Autoconsum 2026 pentru entități publice – producție solară și stocare integrată","https://atelierdeconsultanta.ro/autoconsum-public-fotovoltaice-institutii-publice","index, follow","1939","","15","8","0","no","700","no"
"autoconsum-publici.html","Redirectionare | autoconsum public fotovoltaice instituții publice","Esti redirectionat către o noua adresă","https://atelierdeconsultanta.ro/autoconsum-public-fotovoltaice-institutii-publice","noindex, follow","363","","0","","0","no","","no"
"blog-afir-fotovoltaice-ferme-2026.html","AFIR fotovoltaice ferme | autoconsum","AFIR fotovoltaice pentru ferme: autoconsum și verificări","https://atelierdeconsultanta.ro/blog-afir-fotovoltaice-ferme-2026","index, follow","1446","","10","","0","no","","no"
"blog.html","Redirectionare | blog","Esti redirectionat către o noua adresă","https://atelierdeconsultanta.ro/blog","noindex, follow","363","","0","","0","no","","no"
"blog/index.html","Blog fonduri europene, AFIR și granturi IMM | FABER","Blog despre fonduri europene, finanțări nerambursabile și programe pentru beneficiari reali","https://atelierdeconsultanta.ro/blog","index, follow","2140","","10","","0","no","","no"
"calculator-so-afir.html","Redirectionare FABER","Pagina a fost mutata","https://atelierdeconsultanta.ro/calculator-soc","noindex, follow","356","","0","","0","no","","no"
"calculator-soc.html","Calculator SO AFIR 2026 pentru DR12 și DR14 | FABER","Calculator SO/SOC pentru AFIR DR12 și DR14","https://atelierdeconsultanta.ro/calculator-soc","index, follow","4052","","12","","0","no","2000","no"
"calendar-fonduri-europene.html","Redirectionare | calendar fonduri europene","Esti redirectionat către o noua adresă","https://atelierdeconsultanta.ro/calendar-fonduri-europene","noindex, follow","363","","0","","0","no","","no"
"calendar-fonduri-europene/index.html","Calendar fonduri europene | pregătire","Calendar fonduri europene: pregătire fără grabă","https://atelierdeconsultanta.ro/calendar-fonduri-europene","index, follow","1765","","0","","0","no","1200","no"
"cand-merita-consultant-fonduri-europene.html","când merită consultant fonduri europene | consultanță fonduri","Când merită să lucrezi cu un consultant pentru fonduri europene","https://atelierdeconsultanta.ro/cand-merita-consultant-fonduri-europene","index, follow","1095","","0","","0","no","","no"
"cat-costa-consultanta-fonduri-europene-ghid.html","cât costa consultanță fonduri europene | consultanță fonduri","Ghid: cât costă consultanța pentru fonduri europene","https://atelierdeconsultanta.ro/cat-costa-consultanta-fonduri-europene-ghid","index, follow","1037","","0","","0","no","","no"
"cat-costa-consultanta-fonduri-europene.html","Redirectionare | cât costa consultanță fonduri europene","Esti redirectionat către o noua adresă","https://atelierdeconsultanta.ro/cat-costa-consultanta-fonduri-europene","noindex, follow","363","","0","","0","no","","no"
"cat-costa-consultanta-fonduri-europene/index.html","Cât costa consultanță fonduri europene - factori și etape","Cât costa consultanță pentru fonduri europene","https://atelierdeconsultanta.ro/cat-costa-consultanta-fonduri-europene","index, follow","1807","","0","","0","no","1200","no"
"ce-acte-sunt-necesare-fonduri-europene.html","Checklist acte fonduri europene 2026 | ghid dosar","Ce acte sunt necesare pentru fonduri europene?","https://atelierdeconsultanta.ro/ce-acte-sunt-necesare-fonduri-europene","index, follow","1116","","0","","0","no","","no"
"cheltuieli-eligibile-digitalizare-imm.html","Cheltuieli pentru Digitalizare IMM: software și hardware | FABER","Cheltuieli pentru Digitalizare IMM: ce justifici înainte de buget","https://atelierdeconsultanta.ro/cheltuieli-eligibile-digitalizare-imm","index, follow","825","","0","","0","no","400","no"
"cheltuieli-eligibile-pocidif-21.html","Cheltuieli eligibile PoCIDIF 2.1: hardware și software | FABER","Cheltuieli eligibile PoCIDIF 2.1 – hardware, software și servicii CDI","https://atelierdeconsultanta.ro/cheltuieli-eligibile-pocidif-21","index, follow","2231","","6","6","0","no","1400","no"
"cheltuieli-eligibile-pocidif-21/index.html","Cheltuieli eligibile PoCIDIF 2.1: hardware și software | FABER","Cheltuieli eligibile PoCIDIF 2.1 – hardware, software și servicii CDI","https://atelierdeconsultanta.ro/cheltuieli-eligibile-pocidif-21","index, follow","2302","","9","6","0","no","1400","no"
"cheltuieli-eligibile-startup-nation.html","Redirectionare FABER","Pagina a fost mutata","https://atelierdeconsultanta.ro/start-up-nation-2026-cheltuieli-eligibile","noindex, follow","356","","0","","0","no","","no"
"cod-caen-start-up-nation-2026/index.html","Cod CAEN Start Up Nation 2026 - verificare activitate","Cod CAEN Start Up Nation 2026: cum verifici activitatea eligibilă","https://atelierdeconsultanta.ro/cod-caen-start-up-nation-2026","index, follow","1955","","1","","0","no","1200","no"
"cod-caen-startup-nation.html","Redirectionare FABER","Pagina a fost mutata","https://atelierdeconsultanta.ro/cod-caen-start-up-nation-2026","noindex, follow","356","","0","","0","no","","no"
"consultant-fonduri-europene-imm.html","Redirectionare | consultant fonduri europene imm","Esti redirectionat către o noua adresă","https://atelierdeconsultanta.ro/consultant-fonduri-europene-imm","noindex, follow","363","","0","","0","no","","no"
"consultant-fonduri-europene-imm/index.html","Consultant fonduri europene IMM - verificare și dosar","Consultant fonduri europene pentru IMM-uri","https://atelierdeconsultanta.ro/consultant-fonduri-europene-imm","index, follow","1936","","0","","0","no","1200","no"
"consultanta-afir.html","Redirectionare | consultanță afir","Esti redirectionat către o noua adresă","https://atelierdeconsultanta.ro/consultanta-afir","noindex, follow","363","","0","","0","no","","no"
"consultanta-afir/index.html","Consultanță AFIR - DR12, DR14 și proiecte agricole","Consultanță AFIR","https://atelierdeconsultanta.ro/consultanta-afir","index, follow","1926","","0","","0","no","1200","no"
"consultanta-fonduri-europene-bacau/index.html","Redirectionare | Consultanță fonduri europene Bacău","Ești redirecționat către o nouă adresă","https://atelierdeconsultanta.ro/fonduri-europene-nord-est","noindex, follow","363","","0","","0","no","","no"
"consultanta-fonduri-europene-bucuresti/index.html","Consultanță fonduri europene București","Consultanță fonduri europene București","https://atelierdeconsultanta.ro/consultanta-fonduri-europene-bucuresti","index, follow","2253","","12","12","0","no","1100","no"
"consultanta-fonduri-europene-iasi/index.html","Redirectionare | Consultanță fonduri europene Iași","Ești redirecționat către o nouă adresă","https://atelierdeconsultanta.ro/fonduri-europene-nord-est","noindex, follow","363","","0","","0","no","","no"
"consultanta-fonduri-europene-suceava/index.html","Redirectionare | Consultanță fonduri europene Suceava","Ești redirecționat către o nouă adresă","https://atelierdeconsultanta.ro/fonduri-europene-nord-est","noindex, follow","363","","0","","0","no","","no"
"consultanta-fonduri-europene.html","Redirectionare | consultanță fonduri europene","Esti redirectionat către o noua adresă","https://atelierdeconsultanta.ro/consultanta-fonduri-europene","noindex, follow","363","","0","","0","no","","no"
"consultanta-fonduri-europene/index.html","Consultanță fonduri europene: eligibilitate și dosar | FABER","Consultanță pentru fonduri europene, de la eligibilitate la dosar","https://atelierdeconsultanta.ro/consultanta-fonduri-europene","index, follow","1162","","7","6","0","no","550","no"
"consultanta-pnrr-digitalizare.html","Redirectionare | consultanță pnrr digitalizare","Esti redirectionat către o noua adresă","https://atelierdeconsultanta.ro/consultanta-pnrr-digitalizare","noindex, follow","363","","0","","0","no","","no"
"consultanta-pnrr-digitalizare/index.html","Consultanță PNRR Digitalizare | verificare proiect IMM","Consultanță PNRR digitalizare","https://atelierdeconsultanta.ro/consultanta-pnrr-digitalizare","index, follow","1844","","0","","0","no","1200","no"
"consultanta-start-up-nation-2026/index.html","Consultanță Start-Up Nation 2026 | verificare dosar","Consultanță Start-Up Nation 2026: CAEN, plan și dosar","https://atelierdeconsultanta.ro/consultanta-start-up-nation-2026","index, follow","2021","","0","","0","no","1200","no"
"consultanta-start-up-nation.html","Redirectionare | consultanță start up nation 2026","Esti redirectionat către o noua adresă","https://atelierdeconsultanta.ro/consultanta-start-up-nation-2026","noindex, follow","363","","0","","0","no","","no"
"consultanta-start-up-nation/index.html","Redirectionare | consultanță start up nation 2026","Esti redirectionat către o noua adresă","https://atelierdeconsultanta.ro/consultanta-start-up-nation-2026","noindex, follow","363","","0","","0","no","","no"
"contact.html","Redirectionare | contact","Esti redirectionat către o noua adresă","https://atelierdeconsultanta.ro/contact","noindex, follow","431","","0","","0","no","","no"
"contact/index.html","Contact FABER: trimite proiectul pentru verificare","Trimite proiectul. Îți spunem ce trebuie verificat.","https://atelierdeconsultanta.ro/contact","index, follow","1274","","8","6","0","no","400","no"
"cum-alegi-consultant-fonduri-europene.html","Redirectionare | cum alegi consultant fonduri europene","Esti redirectionat către o noua adresă","https://atelierdeconsultanta.ro/cum-alegi-consultant-fonduri-europene","noindex, follow","363","","0","","0","no","","no"
"cum-alegi-consultant-fonduri-europene/index.html","Cum alegi consultant fonduri europene - criterii utile","Cum alegi un consultant pentru fonduri europene","https://atelierdeconsultanta.ro/cum-alegi-consultant-fonduri-europene","index, follow","1776","","0","","0","no","1200","no"
"cum-alegi-programul-potrivit-fonduri-europene-2026.html","fonduri europene 2026 | ghid FABER","Cum alegi programul potrivit de fonduri europene în 2026","https://atelierdeconsultanta.ro/cum-alegi-programul-potrivit-fonduri-europene-2026","index, follow","2683","","14","","0","no","","no"
"cum-se-calculeaza-cofinantarea-fonduri-europene.html","cofinanțare fonduri europene | ghid FABER","Cum se calculează cofinanțarea la fonduri europene","https://atelierdeconsultanta.ro/cum-se-calculeaza-cofinantarea-fonduri-europene","index, follow","1096","","0","","0","no","","no"
"cum-se-verifica-eligibilitatea-fonduri-europene.html","verificare eligibilitate fonduri europene | ghid FABER","Cum se verifică eligibilitatea pentru fonduri europene","https://atelierdeconsultanta.ro/cum-se-verifica-eligibilitatea-fonduri-europene","index, follow","1090","","0","","0","no","","no"
"despre-faber/index.html","Despre FABER: operator, metodă și limite","Consultanță prudentă înainte de dosar","https://atelierdeconsultanta.ro/despre-faber","index, follow","1270","","7","6","0","no","700","no"
"diaspora-investeste-acasa/index.html","Diaspora Investește Acasă: 200.000 €, stadiu 2026 | FABER","Diaspora Investește Acasă","https://atelierdeconsultanta.ro/diaspora-investeste-acasa","index, follow","1702","","12","6","0","no","700","no"
"digitalizare-imm-erp-crm-cloud.html","digitalizare IMM ERP CRM cloud | ghid digitalizare","ERP, CRM și cloud în proiectele de digitalizare IMM","https://atelierdeconsultanta.ro/digitalizare-imm-erp-crm-cloud","index, follow","1051","","0","","0","no","","no"
"digitalizare-imm-pnrr.html","Redirectionare | digitalizare imm pnrr","Esti redirectionat către o noua adresă","https://atelierdeconsultanta.ro/digitalizare-imm-pnrr","noindex, follow","363","","0","","0","no","","no"
"digitalizare-imm-pnrr/index.html","Digitalizare IMM PNRR | pagină aplicată pentru proiecte digitale","Digitalizare IMM / PNRR: pagină aplicată pentru proiecte digitale","https://atelierdeconsultanta.ro/digitalizare-imm-pnrr","index, follow","1863","","1","","0","no","1200","no"
"digitalizare-imm.html","Digitalizare IMM: apel închis și sursă MIPE | FABER","Digitalizarea IMM-urilor","https://atelierdeconsultanta.ro/digitalizare-imm","index, follow","2381","","7","5","0","no","1200","no"
"digitalizare-imm/index.html","Digitalizare IMM: apel închis și sursă MIPE | FABER","Digitalizarea IMM-urilor","https://atelierdeconsultanta.ro/digitalizare-imm","index, follow","2403","","8","5","0","no","1200","no"
"documente-punctaj-pocidif-21.html","Documente și punctaj PoCIDIF 2.1: ghid practic | FABER","Documente și punctaj PoCIDIF 2.1 – dosar, indicatori și evaluare","https://atelierdeconsultanta.ro/documente-punctaj-pocidif-21","index, follow","2166","","6","6","0","no","1400","no"
"documente-punctaj-pocidif-21/index.html","Documente și punctaj PoCIDIF 2.1: ghid practic | FABER","Documente și punctaj PoCIDIF 2.1 – dosar, indicatori și evaluare","https://atelierdeconsultanta.ro/documente-punctaj-pocidif-21","index, follow","2234","","9","6","0","no","1400","no"
"dr-12-afir-instalarea-tinerilor-fermieri.html","DR12 AFIR și instalarea tinerilor fermieri: diferențe","DR12 AFIR și instalarea tinerilor fermieri: diferențe","https://atelierdeconsultanta.ro/dr-12-afir-instalarea-tinerilor-fermieri","index, follow","1716","","6","","0","no","","no"
"dr-14-afir-conditii-eligibilitate-greseli-frecvente.html","DR 14 AFIR ferme mici | eligibilitate și greșeli","DR14 AFIR: condiții, eligibilitate și greșeli frecvente","https://atelierdeconsultanta.ro/dr-14-afir-conditii-eligibilitate-greseli-frecvente","index, follow","1879","","6","","0","no","","no"
"dr12-afir-tineri-fermieri.html","Redirectionare FABER","Pagina a fost mutata","https://atelierdeconsultanta.ro/dr12-afir","noindex, follow","356","","0","","0","no","","no"
"dr12-afir.html","DR 12 AFIR 2026: 200.000 €, ghid consultativ și condiții","DR 12 AFIR 2026 – investiții pentru tineri fermieri și fermieri până la 45 de ani","https://atelierdeconsultanta.ro/dr12-afir","index, follow","2338","","9","7","0","no","1200","no"
"dr12-afir/index.html","DR 12 AFIR 2026: 200.000 €, ghid consultativ și condiții","DR 12 AFIR 2026 – investiții pentru tineri fermieri și fermieri până la 45 de ani","https://atelierdeconsultanta.ro/dr12-afir","index, follow","2818","","10","7","0","no","1200","no"
"dr12-vs-dr14.html","DR 12 vs DR 14: încadrare și investiții | FABER","DR 12 vs DR 14: cum diferă încadrarea și investiția","https://atelierdeconsultanta.ro/dr12-vs-dr14","index, follow","2539","","2","","0","no","2000","no"
"dr14-afir-ferme-mici.html","DR14 AFIR ferme mici | checklist practic","DR14 AFIR ferme mici: checklist și greșeli frecvente","https://atelierdeconsultanta.ro/dr14","noindex, follow","2214","","10","10","0","no","1700","no"
"dr14-afir-ferme-mici/index.html","DR14 AFIR ferme mici | ghid AFIR","DR14 AFIR ferme mici: checklist și greșeli frecvente","https://atelierdeconsultanta.ro/dr14","noindex, follow","2214","","10","10","0","no","1700","no"
"dr14.html","DR 14 AFIR 2026: depuneri deschise, 50.000 € și punctaj","DR 14 AFIR 2026 – investiții în fermele de mici dimensiuni","https://atelierdeconsultanta.ro/dr14","index, follow","2725","","16","10","0","no","1200","no"
"dr14/index.html","DR 14 AFIR 2026: depuneri deschise, 50.000 € și punctaj","DR 14 AFIR 2026 – investiții în fermele de mici dimensiuni","https://atelierdeconsultanta.ro/dr14","index, follow","3270","","16","10","0","no","1200","no"
"dr18/index.html","DR 18 AFIR 2026: ghid final, calendar și 100.000 € | FABER","DR 18 AFIR 2026 – investiții în floricultură, plante medicinale și aromatice","https://atelierdeconsultanta.ro/dr18","index, follow","2777","","17","10","0","no","1600","no"
"e-drive/index.html","e-DRIVE 2026: până la 30.000 € pentru mașini electrice pe firmă","e-DRIVE 2026 – finanțare pentru vehicule electrice M1, M2 și M3","https://atelierdeconsultanta.ro/e-drive","index, follow","1833","","15","9","0","no","700","no"
"e-mobility/index.html","e-Mobility RO 2026: finanțare stații de încărcare","e-Mobility RO 2026 – finanțare pentru stații de reîncărcare","https://atelierdeconsultanta.ro/e-mobility","index, follow","1625","","12","6","0","no","700","no"
"e-move/index.html","e-MOVE RO: stații de încărcare și condiții | FABER","Programul e-MOVE RO","https://atelierdeconsultanta.ro/e-move","index, follow","1941","","12","8","0","no","1200","no"
"eligibilitate-fonduri-europene.html","Redirectionare | eligibilitate fonduri europene","Esti redirectionat către o noua adresă","https://atelierdeconsultanta.ro/eligibilitate-fonduri-europene","noindex, follow","363","","0","","0","no","","no"
"eligibilitate-fonduri-europene/index.html","Eligibilitate fonduri europene: criterii și checklist | FABER","Eligibilitate pentru fonduri europene: criterii și checklist","https://atelierdeconsultanta.ro/eligibilitate-fonduri-europene","index, follow","832","","0","","0","no","400","no"
"eligibilitate-pocidif-21.html","Eligibilitate PoCIDIF 2.1: IMM TIC, CAEN și condiții | FABER","Eligibilitate PoCIDIF 2.1 – IMM TIC, coduri CAEN și parteneriate","https://atelierdeconsultanta.ro/eligibilitate-pocidif-21","index, follow","1834","","6","6","0","no","1200","no"
"eligibilitate-pocidif-21/index.html","Eligibilitate PoCIDIF 2.1: IMM TIC, CAEN și condiții | FABER","Eligibilitate PoCIDIF 2.1 – IMM TIC, coduri CAEN și parteneriate","https://atelierdeconsultanta.ro/eligibilitate-pocidif-21","index, follow","1833","","6","6","0","no","1200","no"
"femeia-antreprenor-2026-conditii-idei-afaceri.html","Femeia Antreprenor 2026 | condiții și idei","Condiții și idei de afaceri pentru Femeia Antreprenor 2026","https://atelierdeconsultanta.ro/femeia-antreprenor-2026-conditii-idei-afaceri","index, follow","1717","","6","","0","no","","no"
"femeia-antreprenor-2026.html","Femeia Antreprenor 2026: status oficial | FABER","Femeia Antreprenor 2026 — ediție neconfirmată","https://atelierdeconsultanta.ro/femeia-antreprenor-2026","index, follow","2535","","11","9","0","no","1200","no"
"femeia-antreprenor-2026/index.html","Femeia Antreprenor 2026: status oficial | FABER","Femeia Antreprenor 2026 — ediție neconfirmată","https://atelierdeconsultanta.ro/femeia-antreprenor-2026","index, follow","2545","","13","9","0","no","1200","no"
"finantari-panouri-fotovoltaice.html","Redirecționare | finanțări panouri fotovoltaice","Ești redirecționat către o nouă adresă","https://atelierdeconsultanta.ro/finantari-panouri-fotovoltaice","noindex, follow","363","","0","","0","no","","no"
"finantari-panouri-fotovoltaice/index.html","Finantari panouri fotovoltaice - autoconsum și energie","Finanțări pentru energie și eficiență energetică","https://atelierdeconsultanta.ro/finantari-panouri-fotovoltaice","index, follow","1509","","5","5","0","no","700","no"
"firma-consultanta-fonduri-europene.html","Redirecționare | firmă consultanță fonduri europene","Ești redirecționat către o nouă adresă","https://atelierdeconsultanta.ro/firma-consultanta-fonduri-europene","noindex, follow","363","","0","","0","no","","no"
"firma-consultanta-fonduri-europene/index.html","Firmă consultanță fonduri europene - criterii și servicii","Firmă de consultanță pentru fonduri europene","https://atelierdeconsultanta.ro/firma-consultanta-fonduri-europene","index, follow","1914","","0","","0","no","1200","no"
"fondul-de-modernizare-finantari-energie-fotovoltaice-autoconsum.html","Fondul pentru Modernizare: energie și autoconsum","Fondul de Modernizare: proiecte de fotovoltaice și autoconsum","https://atelierdeconsultanta.ro/fondul-de-modernizare-finantari-energie-fotovoltaice-autoconsum","index, follow","2417","","10","8","0","no","1100","no"
"fondul-de-modernizare-finantari-energie-fotovoltaice-autoconsum/index.html","Fondul pentru Modernizare: energie și autoconsum","Fondul de Modernizare: proiecte de fotovoltaice și autoconsum","https://atelierdeconsultanta.ro/fondul-de-modernizare-finantari-energie-fotovoltaice-autoconsum","index, follow","2279","","8","4","0","no","1100","no"
"fondul-de-modernizare.html","Fondul pentru Modernizare: apeluri și statut | FABER","Fondul pentru Modernizare","https://atelierdeconsultanta.ro/fondul-de-modernizare","index, follow","887","","2","","0","no","","no"
"fondul-de-modernizare/index.html","Fondul pentru Modernizare: apeluri și statut | FABER","Fondul pentru Modernizare","https://atelierdeconsultanta.ro/fondul-de-modernizare","index, follow","2918","","10","7","0","no","1200","no"
"fondul-modernizare-energie-regenerabila-2026.html","Fondul pentru Modernizare: energie regenerabilă","Fondul pentru ModernizareEnergie regenerabilă","https://atelierdeconsultanta.ro/fondul-modernizare-energie-regenerabila-2026","index, follow","1777","","8","6","0","no","900","no"
"fondul-modernizare-energie-regenerabila-2026/index.html","Fondul pentru Modernizare: energie regenerabilă","Fondul pentru ModernizareEnergie regenerabilă","https://atelierdeconsultanta.ro/fondul-modernizare-energie-regenerabila-2026","index, follow","1777","","8","6","0","no","900","no"
"fondul-modernizare-pc1-stocare-entitati-publice/index.html","PC1 Stocare entități publice 2026: 10 mil. €","PC1 Stocare 2026 pentru entități publice – baterii în spatele contorului","https://atelierdeconsultanta.ro/fondul-modernizare-pc1-stocare-entitati-publice","index, follow","1833","","15","8","0","no","700","no"
"fondul-modernizare-pc1-stocare/index.html","PC1 Stocare 2026: 69.000 €/MWh, ghid aprobat | FABER","Fondul pentru Modernizare – PC1 Stocare stand-alone","https://atelierdeconsultanta.ro/fondul-modernizare-pc1-stocare","index, follow","1602","","12","6","0","no","700","no"
"fonduri-europene-agricultura.html","Redirectionare | fonduri europene agricultură","Esti redirectionat către o noua adresă","https://atelierdeconsultanta.ro/fonduri-europene-agricultura","noindex, follow","363","","0","","0","no","","no"
"fonduri-europene-agricultura/index.html","Fonduri europene pentru agricultură - AFIR, ferme și utilaje","Fonduri europene pentru agricultură","https://atelierdeconsultanta.ro/fonduri-europene-agricultura","index, follow","1575","","4","4","0","no","1100","no"
"fonduri-europene-bacau/index.html","Redirectionare | Fonduri europene Bacău","Ești redirecționat către o nouă adresă","https://atelierdeconsultanta.ro/fonduri-europene-nord-est","noindex, follow","363","","0","","0","no","","no"
"fonduri-europene-bucuresti/index.html","Fonduri europene București","Fonduri europene București","https://atelierdeconsultanta.ro/fonduri-europene-bucuresti","index, follow","2302","","14","12","0","no","1100","no"
"fonduri-europene-caen/0111-culturi-cereale/index.html","Fonduri europene pentru CAEN 0111 - culturi de cereale","Fonduri europene pentru CAEN 0111 - culturi de cereale","https://atelierdeconsultanta.ro/fonduri-europene-caen/0111-culturi-cereale","index, follow","2296","","13","11","0","no","1100","no"
"fonduri-europene-caen/4321-instalatii-electrice/index.html","Fonduri europene pentru CAEN 4321 - instalații electrice","Fonduri europene pentru CAEN 4321 - instalații electrice","https://atelierdeconsultanta.ro/fonduri-europene-caen/4321-instalatii-electrice","index, follow","2317","","13","11","0","no","1100","no"
"fonduri-europene-caen/5610-restaurante/index.html","Fonduri europene pentru CAEN 5610 - restaurante și servicii alimentare","Fonduri europene pentru CAEN 5610 - restaurante și servicii alimentare","https://atelierdeconsultanta.ro/fonduri-europene-caen/5610-restaurante","index, follow","2322","","13","11","0","no","1100","no"
"fonduri-europene-caen/6201-dezvoltare-software/index.html","Fonduri europene pentru CAEN 6201 - dezvoltare software","Fonduri europene pentru CAEN 6201 - dezvoltare software","https://atelierdeconsultanta.ro/fonduri-europene-caen/6201-dezvoltare-software","index, follow","2308","","13","11","0","no","1100","no"
"fonduri-europene-digitalizare.html","Redirectionare | fonduri europene digitalizare","Esti redirectionat către o noua adresă","https://atelierdeconsultanta.ro/fonduri-europene-digitalizare","noindex, follow","363","","0","","0","no","","no"
"fonduri-europene-digitalizare/index.html","Fonduri europene pentru digitalizare - IMM, PNRR, software","Programe pentru digitalizare și inovare","https://atelierdeconsultanta.ro/fonduri-europene-digitalizare","index, follow","966","","5","5","0","no","700","no"
"fonduri-europene-femei-antreprenor.html","Redirectionare | fonduri europene femei antreprenor","Esti redirectionat către o noua adresă","https://atelierdeconsultanta.ro/fonduri-europene-femei-antreprenor","noindex, follow","363","","0","","0","no","","no"
"fonduri-europene-femei-antreprenor/index.html","Fonduri europene pentru femei antreprenor | hub IMM","Fonduri europene pentru femei antreprenor: hub de orientare","https://atelierdeconsultanta.ro/fonduri-europene-femei-antreprenor","index, follow","1871","","0","","0","no","1200","no"
"fonduri-europene-herambursabile-2026.html","Redirectionare | fonduri europene nerambursabile 2026","Esti redirectionat către o noua adresă","https://atelierdeconsultanta.ro/fonduri-europene-nerambursabile-2026","noindex, follow","363","","0","","0","no","","no"
"fonduri-europene-herambursabile-2026/index.html","Redirectionare | fonduri europene nerambursabile 2026","Esti redirectionat către o noua adresă","https://atelierdeconsultanta.ro/fonduri-europene-nerambursabile-2026","noindex, follow","363","","0","","0","no","","no"
"fonduri-europene-iasi/index.html","Redirectionare | Fonduri europene Iași","Ești redirecționat către o nouă adresă","https://atelierdeconsultanta.ro/fonduri-europene-nord-est","noindex, follow","363","","0","","0","no","","no"
"fonduri-europene-imm.html","Redirecționare | fonduri europene imm","Ești redirecționat către o nouă adresă","https://atelierdeconsultanta.ro/fonduri-europene-imm","noindex, follow","363","","0","","0","no","","no"
"fonduri-europene-imm/index.html","Fonduri europene pentru IMM-uri - investiții, digitalizare, energie","Programe pentru antreprenoriat și inițiative GAL","https://atelierdeconsultanta.ro/fonduri-europene-imm","index, follow","1201","","5","5","0","no","700","no"
"fonduri-europene-nerambursabile-2026.html","Redirecționare | fonduri europene nerambursabile 2026","Ești redirecționat către o nouă adresă","https://atelierdeconsultanta.ro/fonduri-europene-nerambursabile-2026","noindex, follow","363","","0","","0","no","","no"
"fonduri-europene-nerambursabile-2026/index.html","Fonduri europene nerambursabile 2026","Fonduri europene nerambursabile 2026","https://atelierdeconsultanta.ro/fonduri-europene-nerambursabile-2026","index, follow","2383","","2","","0","no","1500","no"
"fonduri-europene-nord-est/index.html","Fonduri europene Nord-Est: programe regionale, AFIR și IMM | FABER","Fonduri europene în regiunea Nord-Est","https://atelierdeconsultanta.ro/fonduri-europene-nord-est","index, follow","2816","","13","11","0","no","1100","no"
"fonduri-europene-suceava/index.html","Redirectionare | Fonduri europene Suceava","Ești redirecționat către o nouă adresă","https://atelierdeconsultanta.ro/fonduri-europene-nord-est","noindex, follow","363","","0","","0","no","","no"
"fonduri-europene.html","Redirectionare | fonduri europene","Esti redirectionat către o noua adresă","https://atelierdeconsultanta.ro/fonduri-europene","noindex, follow","363","","0","","0","no","","no"
"fonduri-europene/index.html","Fonduri europene 2026: programe pentru firme și fermieri","Fonduri europene: alege traseul potrivit investiției","https://atelierdeconsultanta.ro/fonduri-europene","index, follow","1191","","0","","0","no","400","no"
"fonduri-nerambursabile.html","Redirectionare | fonduri europene nerambursabile 2026","Esti redirectionat către o noua adresă","https://atelierdeconsultanta.ro/fonduri-europene-nerambursabile-2026","noindex, follow","363","","0","","0","no","","no"
"fonduri-nerambursabile/index.html","Fonduri nerambursabile: grant, cash-flow și obligații | FABER","Fonduri nerambursabile: ce acoperă grantul și ce plătește beneficiarul","https://atelierdeconsultanta.ro/fonduri-nerambursabile","index, follow","898","","0","","0","no","400","no"
"fonduri-pentru-ferme.html","Redirectionare | fonduri pentru ferme","Esti redirectionat către o noua adresă","https://atelierdeconsultanta.ro/fonduri-pentru-ferme","noindex, follow","363","","0","","0","no","","no"
"fonduri-pentru-ferme/index.html","Fonduri pentru ferme - AFIR, DR12, DR14 și utilaje","Fonduri pentru ferme","https://atelierdeconsultanta.ro/fonduri-pentru-ferme","index, follow","1807","","0","","0","no","1200","no"
"fonduri-pentru-utilaje-agricole.html","Redirectionare | fonduri pentru utilaje agricole","Esti redirectionat către o noua adresă","https://atelierdeconsultanta.ro/fonduri-pentru-utilaje-agricole","noindex, follow","363","","0","","0","no","","no"
"fonduri-pentru-utilaje-agricole/index.html","Fonduri pentru utilaje agricole - eligibilitate și buget","Fonduri pentru utilaje agricole","https://atelierdeconsultanta.ro/fonduri-pentru-utilaje-agricole","index, follow","1806","","1","","0","no","1200","no"
"fonduri-regionale/index.html","Fonduri regionale 2021–2027 și ADR-uri | FABER","Programe regionale și apeluri ADR","https://atelierdeconsultanta.ro/fonduri-regionale","index, follow","1335","","7","5","0","no","700","no"
"gal-afir/index.html","GAL AFIR 2026: apeluri DR-36 și verificare | FABER","GAL AFIR / DR-36 prin Grupuri de Acțiune Locală","https://atelierdeconsultanta.ro/gal-afir","index, follow","2281","","13","9","0","no","1400","no"
"gdpr.html","Politica GDPR | FABER – Atelier de Consultanță","Politica GDPR","https://atelierdeconsultanta.ro/gdpr","index, follow","1116","","0","","0","no","","no"
"ghiduri.html","Redirectionare | ghiduri","Esti redirectionat către o noua adresă","https://atelierdeconsultanta.ro/ghiduri","noindex, follow","379","","0","","0","no","","no"
"ghiduri/index.html","Ghiduri fonduri europene | bibliotecă FABER","Ghiduri și resurse pentru fonduri europene","https://atelierdeconsultanta.ro/ghiduri","index, follow","2390","","7","7","0","no","2000","no"
"glosar-fonduri-europene/index.html","Glosar fonduri europene: termeni explicati simplu","Glosar fonduri europene: termeni explicati simplu","https://atelierdeconsultanta.ro/glosar-fonduri-europene","index, follow","1282","","4","","0","no","","no"
"google8bbb9999c523a3bd.html","","","","","3","","0","","0","no","","no"
"granturi-digitalizare-imm.html","Digitalizare IMM – informații în validare editorială | FABER","Digitalizare IMM","https://atelierdeconsultanta.ro/digitalizare-imm","noindex, follow","393","","0","","0","no","","no"
"granturi-digitalizare-imm/index.html","Digitalizare IMM – informații în validare editorială | FABER","Digitalizare IMM","https://atelierdeconsultanta.ro/digitalizare-imm","noindex, follow","411","","0","6","0","no","1200","yes"
"greseli-fonduri-europene.html","Redirectionare | greșeli fonduri europene","Esti redirectionat către o noua adresă","https://atelierdeconsultanta.ro/greseli-fonduri-europene","noindex, follow","363","","0","","0","no","","no"
"greseli-fonduri-europene/index.html","Greșeli fonduri europene - ce verifici înainte","Greșeli frecvente la fonduri europene","https://atelierdeconsultanta.ro/greseli-fonduri-europene","index, follow","1728","","0","","0","no","1200","no"
"idei-afaceri-fonduri-europene.html","Idei de afaceri cu fonduri europene","Idei de afaceri cu fonduri europene","https://atelierdeconsultanta.ro/idei-afaceri-fonduri-europene","index, follow","1855","","4","","0","no","","no"
"index.html","Consultanță și proiectare fonduri europene | FABER","Consultanță și proiectare pentru proiecte cu fonduri europene","https://atelierdeconsultanta.ro/","index, follow","2417","","3","","0","no","","no"
"instrumente/index.html","Instrumente fonduri europene - calculatoare și checklisturi","Instrumente interactive pentru fonduri europene","https://atelierdeconsultanta.ro/instrumente","index, follow","1545","","4","4","0","no","900","no"
"intrebari-frecvente.html","Redirectionare | întrebări frecvente","Esti redirectionat către o noua adresă","https://atelierdeconsultanta.ro/intrebari-frecvente","noindex, follow","363","","0","","0","no","","no"
"intrebari-frecvente/index.html","Întrebări frecvente despre fonduri europene","Întrebări frecvente despre fonduri europene","https://atelierdeconsultanta.ro/intrebari-frecvente","index, follow","1767","","2","2","0","no","1200","no"
"intrebari/ce-cheltuieli-sunt-eligibile-la-digitalizare-imm/index.html","Raspuns rapid: Ce cheltuieli sunt eligibile la Digitalizare IMM?","Raspuns rapid: Ce cheltuieli sunt eligibile la Digitalizare IMM?","https://atelierdeconsultanta.ro/intrebari/ce-cheltuieli-sunt-eligibile-la-digitalizare-imm","index, follow","1851","","7","7","0","no","1100","no"
"intrebari/ce-documente-sunt-necesare-pentru-dr12/index.html","Raspuns rapid: Ce documente sunt necesare pentru DR12?","Raspuns rapid: Ce documente sunt necesare pentru DR12?","https://atelierdeconsultanta.ro/intrebari/ce-documente-sunt-necesare-pentru-dr12","index, follow","1862","","7","7","0","no","1100","no"
"intrebari/cum-se-calculeaza-cofinantarea-la-fonduri-europene/index.html","Raspuns rapid: Cum se calculează cofinanțarea la fonduri europene?","Raspuns rapid: Cum se calculează cofinanțarea la fonduri europene?","https://atelierdeconsultanta.ro/intrebari/cum-se-calculeaza-cofinantarea-la-fonduri-europene","index, follow","1879","","7","7","0","no","1100","no"
"investitii-modernizarea-microintreprinderilor-apel-2.html","Modernizarea microîntreprinderilor: Apel 2 Nord-Est 2026","Investiții pentru modernizarea microîntreprinderilor – Apel 2 Nord-Est","https://atelierdeconsultanta.ro/investitii-modernizarea-microintreprinderilor-apel-2","index, follow","1893","","10","8","0","no","1200","no"
"investitii-modernizarea-microintreprinderilor-apel-2/index.html","Modernizarea microîntreprinderilor: Apel 2 Nord-Est 2026","Investiții pentru modernizarea microîntreprinderilor – Apel 2","https://atelierdeconsultanta.ro/investitii-modernizarea-microintreprinderilor-apel-2","index, follow","3359","","13","8","0","no","1200","no"
"management-proiecte-fonduri-europene/index.html","Management proiecte cu fonduri europene | FABER","Managementul proiectelor finanțate din fonduri europene","https://atelierdeconsultanta.ro/management-proiecte-fonduri-europene","index, follow","1532","","5","5","0","no","1000","no"
"metodologie-verificare-eligibilitate/index.html","Metodologia FABER pentru verificarea eligibilității la fonduri europene","Metodologia FABER pentru verificarea eligibilității la fonduri europene","https://atelierdeconsultanta.ro/metodologie-verificare-eligibilitate","index, follow","1929","","3","","0","no","","no"
"partials/global-header.html","","","","","342","","0","","0","no","","no"
"partials/preferred-source.html","","","","","46","","0","","0","no","","no"
"plan-de-afaceri-fonduri-europene/index.html","Plan de afaceri pentru fonduri europene | FABER","Plan de afaceri pentru proiecte finanțate","https://atelierdeconsultanta.ro/plan-de-afaceri-fonduri-europene","index, follow","1500","","5","5","0","no","1000","no"
"pnrr-digitalizare-imm-cheltuieli-eligibile.html","pnrr digitalizare | ghid digitalizare","PNRR Digitalizare IMM: cheltuieli eligibile","https://atelierdeconsultanta.ro/pnrr-digitalizare-imm-cheltuieli-eligibile","index, follow","1800","","6","","0","no","","no"
"pnrr-digitalizare-imm.html","Redirectionare | digitalizare imm pnrr","Esti redirectionat către o noua adresă","https://atelierdeconsultanta.ro/digitalizare-imm-pnrr","noindex, follow","363","","0","","0","no","","no"
"pnrr-digitalizare-imm/index.html","Redirectionare | digitalizare imm pnrr","Esti redirectionat către o noua adresă","https://atelierdeconsultanta.ro/digitalizare-imm-pnrr","noindex, follow","363","","0","","0","no","","no"
"pnrr.html","PNRR: componente, apeluri și stadiul implementării | FABER","PNRR","https://atelierdeconsultanta.ro/pnrr","index, follow","826","","2","","0","no","","no"
"pnrr/index.html","PNRR: componente, apeluri și stadiul implementării | FABER","Planul Național de Redresare și Reziliență","https://atelierdeconsultanta.ro/pnrr","index, follow","2807","","10","7","0","no","1200","no"
"pocidif-21/index.html","PoCIDIF 2.1: inovare digitală pentru IMM TIC | FABER","PoCIDIF – Acțiunea 2.1 Dezvoltarea de noi servicii, aplicații și produse prin inovare și adoptarea de tehnologii avansate","https://atelierdeconsultanta.ro/pocidif-21","index, follow","3126","","12","8","0","no","2100","no"
"politica-de-confidentialitate.html","Politica de Confidențialitate | FABER","Politica de Confidențialitate","https://atelierdeconsultanta.ro/politica-de-confidentialitate","index, follow","1321","","0","","0","no","","no"
"por-adr-nord-est/index.html","Program Regional Nord-Est: finanțări IMM și apeluri | FABER","Programul Regional Nord-Est 2021–2027","https://atelierdeconsultanta.ro/investitii-modernizarea-microintreprinderilor-apel-2","noindex, follow","1864","","11","8","0","no","1100","no"
"portofoliu/index.html","Portofoliu proiecte fonduri europene - exemple publicabile","Portofoliu de proiecte și domenii de finanțare","https://atelierdeconsultanta.ro/studii-de-caz-fonduri-europene","noindex, follow","1251","","4","4","0","no","900","no"
"pro-infra/index.html","PRO INFRA 2026: până la 15 mil. €, condiții și EMS","PRO INFRA – eficiență energetică pentru producătorii din infrastructura de transport","https://atelierdeconsultanta.ro/pro-infra","index, follow","3407","","11","8","0","no","2200","no"
"programul-tranzitie-justa-intrebari-documente/index.html","Programul Tranziție Justă: întrebări și documente pentru verificare","Programul Tranziție Justă: întrebări și documente pentru verificare","https://atelierdeconsultanta.ro/programul-tranzitie-justa-intrebari-documente","index, follow","1463","","6","6","0","no","1000","no"
"programul-tranzitie-justa/index.html","Programul Tranziție Justă: apeluri și statut | FABER","Programul Tranziție Justă","https://atelierdeconsultanta.ro/programul-tranzitie-justa","index, follow","3147","","10","7","0","no","1200","no"
"proiectare-fonduri-europene/index.html","Proiectare fonduri europene: SF, DALI și planuri | FABER","Proiectare pentru investiții finanțate din fonduri europene","https://atelierdeconsultanta.ro/proiectare-fonduri-europene","index, follow","2397","","5","5","0","no","1200","no"
"resurse-utile/index.html","Resurse oficiale pentru fonduri europene | FABER","Resurse utile pentru proiecte cu fonduri europene","https://atelierdeconsultanta.ro/resurse-utile","index, follow","1062","","0","","0","no","","no"
"resurse/index.html","Resurse descarcabile fonduri europene - PDF și Excel","Resurse descarcabile pentru pregătirea dosarului","https://atelierdeconsultanta.ro/resurse","index, follow","1530","","4","4","0","no","900","no"
"start-up-nation-2026-cheltuieli-eligibile.html","Redirectionare | start up nation 2026 cheltuieli eligibile","Esti redirectionat către o noua adresă","https://atelierdeconsultanta.ro/start-up-nation-2026-cheltuieli-eligibile","noindex, follow","379","","0","","0","no","","no"
"start-up-nation-2026-cheltuieli-eligibile/index.html","Start Up Nation 2026 cheltuieli eligibile - buget","Start Up Nation 2026: cheltuieli eligibile","https://atelierdeconsultanta.ro/start-up-nation-2026-cheltuieli-eligibile","index, follow","2062","","2","","0","no","1200","no"
"start-up-nation-2026-conditii.html","Redirectionare | start up nation 2026 condiții","Esti redirectionat către o noua adresă","https://atelierdeconsultanta.ro/start-up-nation-2026-conditii","noindex, follow","379","","0","","0","no","","no"
"start-up-nation-2026-conditii/index.html","Start-Up Nation 2026 condiții | checklist","Start-Up Nation 2026: checklist de condiții","https://atelierdeconsultanta.ro/start-up-nation-2026-conditii","index, follow","2048","","2","","0","no","1200","no"
"start-up-nation-2026-idei-afaceri-plan.html","Redirectionare | start up nation 2026 idei afaceri","Esti redirectionat către o noua adresă","https://atelierdeconsultanta.ro/start-up-nation-2026-idei-afaceri","noindex, follow","363","","0","","0","no","","no"
"start-up-nation-2026-idei-afaceri.html","Redirectionare | start up nation 2026 idei afaceri","Esti redirectionat către o noua adresă","https://atelierdeconsultanta.ro/start-up-nation-2026-idei-afaceri","noindex, follow","379","","0","","0","no","","no"
"start-up-nation-2026-idei-afaceri/index.html","Start Up Nation 2026 idei de afaceri - CAEN și buget","Start Up Nation 2026: idei de afaceri","https://atelierdeconsultanta.ro/start-up-nation-2026-idei-afaceri","index, follow","2075","","2","","0","no","1200","no"
"start-up-nation-2026-plan-de-afaceri.html","Redirectionare | start up nation 2026 plan de afaceri","Esti redirectionat către o noua adresă","https://atelierdeconsultanta.ro/start-up-nation-2026-plan-de-afaceri","noindex, follow","379","","0","","0","no","","no"
"start-up-nation-2026-plan-de-afaceri/index.html","Start Up Nation 2026 plan de afaceri - structura","Start Up Nation 2026: plan de afaceri","https://atelierdeconsultanta.ro/start-up-nation-2026-plan-de-afaceri","index, follow","1975","","0","","0","no","1200","no"
"start-up-nation-2026.html","Start-Up Nation: apel închis la 29 mai 2026 | FABER","Start-Up Nation2026","https://atelierdeconsultanta.ro/start-up-nation-2026","index, follow","1910","","10","8","0","no","1200","no"
"start-up-nation-2026/index.html","Start-Up Nation: apel închis la 29 mai 2026 | FABER","Programul Start-Up Nation","https://atelierdeconsultanta.ro/start-up-nation-2026","index, follow","1921","","12","8","0","no","1200","no"
"start-up-nation.html","Redirectionare | start up nation 2026","Esti redirectionat către o noua adresă","https://atelierdeconsultanta.ro/start-up-nation-2026","noindex, follow","363","","0","","0","no","","no"
"start-up-nation/index.html","Redirectionare | Start-Up Nation 2026","Start-Up Nation 2026","https://atelierdeconsultanta.ro/start-up-nation-2026","noindex, follow","354","","0","","0","no","","no"
"startup-nation-2026-conditii.html","Redirectionare FABER","Pagina a fost mutata","https://atelierdeconsultanta.ro/start-up-nation-2026-conditii","noindex, follow","356","","0","","0","no","","no"
"studii-de-caz-fonduri-europene/index.html","Studii de caz fonduri europene: metodologia și criteriile FABER","Studii de caz fonduri europene: metodologia și criteriile FABER","https://atelierdeconsultanta.ro/studii-de-caz-fonduri-europene","index, follow","1873","","5","","0","no","1200","no"
"studii-de-caz.html","Redirectionare | studii de caz","Esti redirectionat către o noua adresă","https://atelierdeconsultanta.ro/studii-de-caz-fonduri-europene","noindex, follow","363","","0","","0","no","","no"
"studii-de-caz/index.html","Studii de caz fonduri europene - exemple anonimizate și lectii","Studii de caz pentru fonduri europene","https://atelierdeconsultanta.ro/studii-de-caz-fonduri-europene","noindex, follow","1268","","4","4","0","no","900","no"
"studiu-fezabilitate-fonduri-europene/index.html","Studiu de fezabilitate pentru fonduri europene | FABER","Studiu de fezabilitate pentru proiecte cu fonduri europene","https://atelierdeconsultanta.ro/studiu-fezabilitate-fonduri-europene","index, follow","1509","","5","5","0","no","1000","no"
"surse-oficiale-fonduri-europene/index.html","Surse oficiale pentru fonduri europene și finanțări nerambursabile","Surse oficiale pentru fonduri europene și finanțări nerambursabile","https://atelierdeconsultanta.ro/surse-oficiale-fonduri-europene","index, follow","1231","","4","","0","no","","no"
"templates/dr14-final-content.html","","","","","1585","","14","","0","no","","no"
"templates/dr18-final-content.html","","","","","1608","","14","","0","no","","no"
"termeni-si-conditii.html","Termeni și Condiții | FABER – Atelier de Consultanță","Termeni și Condiții","https://atelierdeconsultanta.ro/termeni-si-conditii","index, follow","1429","","0","","0","no","","no"
"testimoniale.html","Redirectionare | testimoniale","Esti redirectionat către o noua adresă","https://atelierdeconsultanta.ro/studii-de-caz-fonduri-europene","noindex, follow","363","","0","","0","no","","no"
"testimoniale/index.html","Testimoniale consultanță fonduri europene - opinii publicabile","Testimoniale și feedback publicabil","https://atelierdeconsultanta.ro/studii-de-caz-fonduri-europene","noindex, follow","1280","","6","4","0","no","900","no"
"verificare-eligibilitate-fonduri-europene/index.html","Verificare inițială eligibilitate proiecte | FABER","Verificare inițială a eligibilității proiectului","https://atelierdeconsultanta.ro/verificare-eligibilitate-fonduri-europene","index, follow","921","","0","","0","no","400","no"
"webinarii/index.html","Webinarii fonduri europene - evenimente, ghiduri și rezumate","Webinarii și evenimente despre fonduri europene","https://atelierdeconsultanta.ro/webinarii","index, follow","1432","","4","4","0","no","900","no"
