route,source,location,before,after,reason
"/dr12-afir","config/seo-programs.json","pages.0.audience.2","Solicitanți care pot susține cofinanțarea, calendarul de implementare și documentele APIA, ANSVSA, fiscale și juridice cerute de apel.","Solicitanți care pot susține contribuția proprie, calendarul de implementare și documentele APIA, ANSVSA, fiscale și juridice cerute de apel.","Lexic controlat P0.14"
"/dr12-afir","config/seo-programs.json","pages.0.eligibility.0","Verifică vârstă și încadrarea în categoria de tânăr fermier la data stabilita de ghidul activ.","Verifică vârstă și încadrarea în categoria de tânăr fermier la data stabilita de documentul oficial aplicabil.","Lexic controlat P0.14"
"/dr12-afir","config/seo-programs.json","pages.0.mandatory.0","Stabilirea formei juridice și verificarea eligibilității solicitantului înainte de construirea bugetului.","Stabilirea formei juridice și verificarea inițială a eligibilității solicitantului înainte de construirea bugetului.","Lexic controlat P0.14"
"/dr12-afir","config/seo-programs.json","pages.0.mandatory.2","Buget separat pentru grant, cofinanțare, TVA, costuri neeligibile și rezerve de preț.","Buget separat pentru grant, contribuție proprie, TVA, costuri neeligibile și rezerve de preț.","Lexic controlat P0.14"
"/dr12-afir","config/seo-programs.json","pages.0.mandatory.4","Respectarea perioadelor de implementare și monitorizare mentionate în ghidul activ.","Respectarea perioadelor de implementare și monitorizare mentionate în documentul oficial aplicabil.","Lexic controlat P0.14"
"/dr12-afir","config/seo-programs.json","pages.0.eligibleExpenses.1","Constructii, modernizari sau dotări pentru activitatea agricolă, dacă sunt permise în ghidul activ.","Constructii, modernizari sau dotări pentru activitatea agricolă, dacă sunt permise în documentul oficial aplicabil.","Lexic controlat P0.14"
"/dr12-afir","config/seo-programs.json","pages.0.steps.2","Structuram bugetul pe grant, cofinanțare, TVA și cheltuieli neeligibile.","Structuram bugetul pe grant, contribuție proprie, TVA și cheltuieli neeligibile.","Lexic controlat P0.14"
"/dr12-afir","config/seo-programs.json","pages.0.examples.2","Fermă mixta care vrea investiții etapizate, cu buget realist și cofinanțare confirmata înainte de depunere.","Fermă mixta care vrea investiții etapizate, cu buget realist și contribuție proprie confirmata înainte de depunere.","Lexic controlat P0.14"
"/dr12-afir","config/seo-programs.json","pages.0.faq.1.1","Nu. Documentul folosit pentru această pagină este versiunea consultativă. Regulile finale se confirmă numai în ghidul activ aprobat și în anexele sesiunii.","Nu. Documentul folosit pentru această pagină este versiunea consultativă. Regulile finale se confirmă numai în documentul oficial aplicabil aprobat și în anexele sesiunii.","Lexic controlat P0.14"
"/dr12-afir","config/seo-programs.json","pages.0.faq.4.1","Se corelează înregistrările APIA, ANSVSA/DSVSA și ANZ, documentele de folosință, actele formei juridice și verificările ONRC, împreună cu documentația investiției și cofinanțarea.","Se corelează înregistrările APIA, ANSVSA/DSVSA și ANZ, documentele de folosință, actele formei juridice și verificările ONRC, împreună cu documentația investiției și contribuția proprie.","Lexic controlat P0.14"
"/dr12-afir","config/seo-programs.json","pages.0.related.4.label","Verificare eligibilitate","Verificare inițială a eligibilității","Lexic controlat P0.14"
"/dr12-afir","config/seo-programs.json","pages.0.applicantRows.0.1","Tânăr fermier sau alta categorie eligibilă mentionata în ghidul activ.","Tânăr fermier sau alta categorie eligibilă mentionata în documentul oficial aplicabil.","Lexic controlat P0.14"
"/dr12-afir","config/seo-programs.json","pages.0.applicantRows.2.3","Ghidul activ","Documentul oficial aplicabil","Lexic controlat P0.14"
"/dr12-afir","config/seo-programs.json","pages.0.applicantRows.3.0","Cofinanțare","Contribuție proprie","Lexic controlat P0.14"
"/dr12-afir","config/seo-programs.json","pages.0.eligibleInvestmentRows.0.3","Ghidul activ","Documentul oficial aplicabil","Lexic controlat P0.14"
"/dr12-afir","config/seo-programs.json","pages.0.eligibleInvestmentRows.1.3","Ghidul activ","Documentul oficial aplicabil","Lexic controlat P0.14"
"/dr12-afir","config/seo-programs.json","pages.0.eligibleInvestmentRows.2.3","Ghidul activ","Documentul oficial aplicabil","Lexic controlat P0.14"
"/dr12-afir","config/seo-programs.json","pages.0.eligibleInvestmentRows.3.3","Ghidul activ","Documentul oficial aplicabil","Lexic controlat P0.14"
"/dr12-afir","config/seo-programs.json","pages.0.cofinancingTitle","Finanțare și cofinanțare DR12","Finanțare și contribuție proprie DR12","Lexic controlat P0.14"
"/dr12-afir","config/seo-programs.json","pages.0.documentRows.3.3","Cofinanțare, TVA și costuri neeligibile estimate separat.","Contribuție proprie, TVA și costuri neeligibile estimate separat.","Lexic controlat P0.14"
"/dr12-afir","config/seo-programs.json","pages.0.commonMistakes.3","Buget care ignora cofinanțarea, TVA sau costurile neeligibile.","Buget care ignora contribuția proprie, TVA sau costurile neeligibile.","Lexic controlat P0.14"
"/dr12-afir","config/seo-programs.json","pages.0.caseExample.checked","Forma solicitantului, calcul SO, documente de folosință, oferte, cofinanțare și riscul de dublare cu alte programe","Forma solicitantului, calcul SO, documente de folosință, oferte, contribuție proprie și riscul de dublare cu alte programe","Lexic controlat P0.14"
"/dr12-afir","config/seo-programs.json","pages.0.contentSections.2.title","Cum tratam cofinanțarea și calendarul","Cum tratam contribuția proprie și calendarul","Lexic controlat P0.14"
"/dr12-afir","config/seo-programs.json","pages.0.contentSections.2.body","Grantul nu acopera automat toate costurile. Separarea grantului de cofinanțare, TVA, cheltuieli neeligibile și rezerve de preț trebuie facuta înainte de depunere. Calendarul trebuie comparat cu perioada de implementare și cu obligatiile de monitorizare ale apelului activ.","Grantul nu acopera automat toate costurile. Separarea grantului de contribuție proprie, TVA, cheltuieli neeligibile și rezerve de preț trebuie facuta înainte de depunere. Calendarul trebuie comparat cu perioada de implementare și cu obligatiile de monitorizare ale apelului analizat.","Lexic controlat P0.14"
"/dr12-afir","config/seo-programs.json","pages.0.contentSections.3.body","Pagină folosește ghidul consultativ AFIR ca reper de lucru. Pentru decizia finală de aplicare verificam ghidul activ, anuntul sesiunii, anexele și eventualele clarificări publicate de autoritate.","Pagină folosește ghidul consultativ AFIR ca reper de lucru. Pentru decizia finală de aplicare verificam documentul oficial aplicabil, anuntul sesiunii, anexele și eventualele clarificări publicate de autoritate.","Lexic controlat P0.14"
"/dr12-afir","config/seo-programs.json","pages.0.decisionIntro","DR12 merită pregătit când solicitantul și exploatația pot fi demonstrate documentar, investiția este proportionala cu activitatea agricolă, iar cofinanțarea este realistă.","DR12 merită pregătit când solicitantul și exploatația pot fi demonstrate documentar, investiția este proportionala cu activitatea agricolă, iar contribuția proprie este realistă.","Lexic controlat P0.14"
"/dr12-afir","config/seo-programs.json","pages.0.finalCtaText","Analiza compară exploatația, documentele agricole, investiția și cofinanțarea cu ghidul consultativ. Condițiile de lansare și forma finală se reconfirmă în documentele AFIR active.","Analiza compară exploatația, documentele agricole, investiția și contribuția proprie cu ghidul consultativ. Condițiile de lansare și forma finală se reconfirmă în documentele AFIR aplicabile.","Lexic controlat P0.14"
"/dr12-afir","config/seo-programs.json","pages.0.heroPrimaryCta","Verifică eligibilitatea fermei","Cere verificarea inițială a fermei","Lexic controlat P0.14"
"/dr12-afir","config/seo-programs.json","pages.0.finalPrimaryCta","Verifică eligibilitatea fermei tale cu un consultant FABER","Cere o verificare inițială a fermei cu un consultant FABER","Lexic controlat P0.14"
"/dr12-afir","config/seo-programs.json","pages.0.inlineCtaText","Trimite datele despre solicitant, vârstă, exploatație, documentele APIA/ANSVSA, investiție și cofinanțare. Verificarea separă condițiile din ghidul consultativ de cele care așteaptă ghidul final.","Trimite datele despre solicitant, vârstă, exploatație, documentele APIA/ANSVSA, investiție și contribuție proprie. Verificarea separă condițiile din ghidul consultativ de cele care așteaptă ghidul final.","Lexic controlat P0.14"
"/dr12-afir","config/seo-programs.json","pages.0.ctaText","Verifică eligibilitatea fermei","Cere verificarea inițială a fermei","Lexic controlat P0.14"
"/dr14","config/seo-programs.json","pages.1.audience.2","Exploatatii care pot susține cofinanțarea și obligatiile asumate după semnarea contractului.","Exploatatii care pot susține contribuția proprie și obligatiile asumate după semnarea contractului.","Lexic controlat P0.14"
"/dr14","config/seo-programs.json","pages.1.eligibility.4","Pregateste cofinanțarea și costurile neeligibile înainte de depunere.","Pregateste contribuția proprie și costurile neeligibile înainte de depunere.","Lexic controlat P0.14"
"/dr14","config/seo-programs.json","pages.1.mandatory.2","Buget realist, cu TVA, cofinanțare și cheltuieli neeligibile tratate separat.","Buget realist, cu TVA, contribuție proprie și cheltuieli neeligibile tratate separat.","Lexic controlat P0.14"
"/dr14","config/seo-programs.json","pages.1.mandatory.4","Respectarea conditiilor finale din ghidul activ, nu doar din forma consultativa.","Respectarea conditiilor finale din documentul oficial aplicabil, nu doar din forma consultativa.","Lexic controlat P0.14"
"/dr14","config/seo-programs.json","pages.1.steps.3","Construim bugetul și scenariul de cofinanțare.","Construim bugetul și scenariul de contribuție proprie.","Lexic controlat P0.14"
"/dr14","config/seo-programs.json","pages.1.examples.2","Fermă mixta care are nevoie de modernizare punctuala și poate acoperi cofinanțarea.","Fermă mixta care are nevoie de modernizare punctuala și poate acoperi contribuția proprie.","Lexic controlat P0.14"
"/dr14","config/seo-programs.json","pages.1.faq.4.1","Introdu culturile și efectivele documentabile, verifică totalul și SO majoritar, apoi confruntă rezultatul cu intervalul sectorului din ghidul activ.","Introdu culturile și efectivele documentabile, verifică totalul și SO majoritar, apoi confruntă rezultatul cu intervalul sectorului din documentul oficial aplicabil.","Lexic controlat P0.14"
"/dr14","config/seo-programs.json","pages.1.related.4.label","Verificare eligibilitate","Verificare inițială a eligibilității","Lexic controlat P0.14"
"/dr14","config/seo-programs.json","pages.1.contentSections.1.body","Intentia de modernizare nu este suficientă. Documentele pentru terenuri, animale, spații, forma juridică, autorizări, oferte și cofinanțare trebuie să confirme ca proiectul poate fi implementat și monitorizat.","Intentia de modernizare nu este suficientă. Documentele pentru terenuri, animale, spații, forma juridică, autorizări, oferte și contribuție proprie trebuie să confirme ca proiectul poate fi implementat și monitorizat.","Lexic controlat P0.14"
"/dr14","config/seo-programs.json","pages.1.contentSections.2.body","Separarea grantului de cofinanțare, TVA și costuri neeligibile reduce riscul de blocaj după aprobare. Bugetul trebuie să explice fiecare echipament și fiecare serviciu prin nevoia fermei.","Separarea grantului de contribuție proprie, TVA și costuri neeligibile reduce riscul de blocaj după aprobare. Bugetul trebuie să explice fiecare echipament și fiecare serviciu prin nevoia fermei.","Lexic controlat P0.14"
"/dr14","config/seo-programs.json","pages.1.heroPrimaryCta","Verifică eligibilitatea DR14","Cere verificarea inițială pentru DR14","Lexic controlat P0.14"
"/dr14","config/seo-programs.json","pages.1.finalPrimaryCta","Verifică eligibilitatea DR14","Cere verificarea inițială pentru DR14","Lexic controlat P0.14"
"/dr14","config/seo-programs.json","pages.1.applicantRows.2.3","Ghidul activ","Documentul oficial aplicabil","Lexic controlat P0.14"
"/dr14","config/seo-programs.json","pages.1.applicantRows.3.0","Cofinanțare","Contribuție proprie","Lexic controlat P0.14"
"/dr14","config/seo-programs.json","pages.1.eligibleInvestmentRows.0.3","Ghidul activ","Documentul oficial aplicabil","Lexic controlat P0.14"
"/dr14","config/seo-programs.json","pages.1.eligibleInvestmentRows.1.3","Ghidul activ","Documentul oficial aplicabil","Lexic controlat P0.14"
"/dr14","config/seo-programs.json","pages.1.eligibleInvestmentRows.2.3","Ghidul activ","Documentul oficial aplicabil","Lexic controlat P0.14"
"/dr14","config/seo-programs.json","pages.1.eligibleInvestmentRows.3.3","Ghidul activ","Documentul oficial aplicabil","Lexic controlat P0.14"
"/dr14","config/seo-programs.json","pages.1.cofinancingTitle","Finanțare și cofinanțare DR14","Finanțare și contribuție proprie DR14","Lexic controlat P0.14"
"/dr14","config/seo-programs.json","pages.1.documentRows.3.3","Cofinanțare, TVA și costuri neeligibile.","Contribuție proprie, TVA și costuri neeligibile.","Lexic controlat P0.14"
"/dr14","config/seo-programs.json","pages.1.decisionIntro","DR14 este potrivit când fermă mica are documente clare, investiția este dimensionata corect și cofinanțarea este acoperita.","DR14 este potrivit când fermă mica are documente clare, investiția este dimensionata corect și contribuția proprie este acoperita.","Lexic controlat P0.14"
"/dr14","config/seo-programs.json","pages.1.ctaText","Verifică eligibilitatea DR14","Cere verificarea inițială pentru DR14","Lexic controlat P0.14"
"/digitalizare-imm","config/seo-programs.json","pages.5.faq.3.1","Nu. Echipamentele trebuie să fie necesare proiectului și acceptate de ghidul apelului activ.","Nu. Echipamentele trebuie să fie necesare proiectului și acceptate de documentul oficial al apelului analizat.","Lexic controlat P0.14"
"/digitalizare-imm","config/seo-programs.json","pages.5.contentSections.2.paragraphs.0","Un proiect de digitalizare se verifică prin procese reale: ERP, CRM, cloud, securitate, automatizari și indicatori. PNRR digitalizare și programele regionale pot avea reguli diferite, deci bugetul și cheltuielile trebuie separate pe apelul activ.","Un proiect de digitalizare se verifică prin procese reale: ERP, CRM, cloud, securitate, automatizari și indicatori. PNRR digitalizare și programele regionale pot avea reguli diferite, deci bugetul și cheltuielile trebuie separate pe apelul analizat.","Lexic controlat P0.14"
"/digitalizare-imm","config/seo-programs.json","pages.5.heroPrimaryCta","Verifică eligibilitatea","Cere o verificare inițială","Lexic controlat P0.14"
"/digitalizare-imm","config/seo-programs.json","pages.5.decisionClose","Dacă documentele, bugetul sau condițiile nu se potrivesc, proiectul se ajustează înainte de depunere. Regulile finale se confirmă în ghidul activ, anexele apelului și sursele oficiale.","Dacă documentele, bugetul sau condițiile nu se potrivesc, proiectul se ajustează înainte de depunere. Regulile finale se confirmă în documentul oficial aplicabil, anexele apelului și sursele oficiale.","Lexic controlat P0.14"
"/fonduri-europene","config/seo-programs.json","pages.12.funding","valorile difera pe program și se verifică în apelul activ.","valorile difera pe program și se verifică în apelul analizat.","Lexic controlat P0.14"
"/fonduri-europene","config/seo-programs.json","pages.12.eligibility.4","cofinanțare","contribuție proprie","Lexic controlat P0.14"
"/fonduri-europene","config/seo-programs.json","pages.12.steps.3","calculează cofinanțarea","calculează contribuția proprie","Lexic controlat P0.14"
"/fonduri-europene","config/seo-programs.json","pages.12.contentSections.0.paragraphs.1","Pentru fiecare traseu, regulile finale se confirmă în ghidul activ, anexele apelului și comunicările autorității.","Pentru fiecare traseu, regulile finale se confirmă în documentul oficial aplicabil, anexele apelului și comunicările autorității.","Lexic controlat P0.14"
"/fonduri-europene","config/seo-programs.json","pages.12.contentSections.1.paragraphs.0","Hub-ul central include acum și e-MOVE RO pentru mobilitate electrică, respectiv GAL-AFIR pentru apeluri LEADER dedicate beneficiarilor publici și privați. Fiecare program trebuie confirmat în ghidul activ și în sursele oficiale.","Hub-ul central include acum și e-MOVE RO pentru mobilitate electrică, respectiv GAL-AFIR pentru apeluri LEADER dedicate beneficiarilor publici și privați. Fiecare program trebuie confirmat în documentul oficial aplicabil și în sursele oficiale.","Lexic controlat P0.14"
"/fonduri-europene","config/seo-programs.json","pages.12.heroPrimaryCta","Verifică eligibilitatea","Cere o verificare inițială","Lexic controlat P0.14"
"/fonduri-europene","config/seo-programs.json","pages.12.decisionClose","Dacă documentele, bugetul sau condițiile nu se potrivesc, proiectul se ajustează înainte de depunere. Regulile finale se confirmă în ghidul activ, anexele apelului și sursele oficiale.","Dacă documentele, bugetul sau condițiile nu se potrivesc, proiectul se ajustează înainte de depunere. Regulile finale se confirmă în documentul oficial aplicabil, anexele apelului și sursele oficiale.","Lexic controlat P0.14"
"/fonduri-europene-digitalizare","config/seo-programs.json","pages.15.funding","valorile depind de apelul activ.","valorile depind de apelul analizat.","Lexic controlat P0.14"
"/verificare-eligibilitate-fonduri-europene","config/seo-programs.json","pages.21.title","Verificare eligibilitate fonduri europene","Verificare inițială a eligibilității fonduri europene","Lexic controlat P0.14"
"/verificare-eligibilitate-fonduri-europene","config/seo-programs.json","pages.21.description","Verificare inițială pentru fonduri europene: firmă, CAEN, localitate, investiție, buget, cofinanțare, documente și program potrivit.","Verificare inițială pentru fonduri europene: firmă, CAEN, localitate, investiție, buget, contribuție proprie, documente și program potrivit.","Lexic controlat P0.14"
"/verificare-eligibilitate-fonduri-europene","config/seo-programs.json","pages.21.h1","Verificare eligibilitate pentru fonduri europene","Verificare inițială a eligibilității pentru fonduri europene","Lexic controlat P0.14"
"/verificare-eligibilitate-fonduri-europene","config/seo-programs.json","pages.21.quickAnswer","Serviciul verifică dacă solicitantul și investiția au o potrivire realistă cu un program de finanțare. Sunt necesare forma juridică, CAEN-ul sau activitatea fermei, localitatea, bugetul, cofinanțarea și documentele existente. Rezultatul poate fi: continuăm pregătirea, ajustăm proiectul sau amânăm până când apar documente ori reguli mai clare.","Serviciul verifică dacă solicitantul și investiția au o potrivire realistă cu un program de finanțare. Sunt necesare forma juridică, CAEN-ul sau activitatea fermei, localitatea, bugetul, contribuția proprie și documentele existente. Rezultatul poate fi: continuăm pregătirea, ajustăm proiectul sau amânăm până când apar documente ori reguli mai clare.","Lexic controlat P0.14"
"/verificare-eligibilitate-fonduri-europene","config/seo-programs.json","pages.21.programName","Verificare eligibilitate","Verificare inițială a eligibilității","Lexic controlat P0.14"
"/verificare-eligibilitate-fonduri-europene","config/seo-programs.json","pages.21.faq.4.0","Cum se calculează cofinanțarea?","Cum se calculează contribuția proprie?","Lexic controlat P0.14"
"/verificare-eligibilitate-fonduri-europene","config/seo-programs.json","pages.21.contentSections.0.paragraphs.0","Concluzia nu este o promisiune de aprobare. Este o filtrare pragmatică: proiectul poate merge mai departe, trebuie ajustat sau ar trebui amânat până când ghidul activ și documentele confirmă încadrarea.","Concluzia nu este o promisiune de aprobare. Este o filtrare pragmatică: proiectul poate merge mai departe, trebuie ajustat sau ar trebui amânat până când documentul oficial aplicabil și documentele confirmă încadrarea.","Lexic controlat P0.14"
"/verificare-eligibilitate-fonduri-europene","config/seo-programs.json","pages.21.contentSections.1.items.3","investiția dorită, bugetul estimat și cofinanțarea disponibilă;","investiția dorită, bugetul estimat și contribuția proprie disponibilă;","Lexic controlat P0.14"
"/verificare-eligibilitate-fonduri-europene","config/seo-programs.json","pages.21.heroPrimaryCta","Verifică eligibilitatea","Cere o verificare inițială","Lexic controlat P0.14"
"/verificare-eligibilitate-fonduri-europene","config/seo-programs.json","pages.21.decisionClose","Dacă documentele, bugetul sau condițiile nu se potrivesc, proiectul se ajustează înainte de depunere. Regulile finale se confirmă în ghidul activ, anexele apelului și sursele oficiale.","Dacă documentele, bugetul sau condițiile nu se potrivesc, proiectul se ajustează înainte de depunere. Regulile finale se confirmă în documentul oficial aplicabil, anexele apelului și sursele oficiale.","Lexic controlat P0.14"
"/eligibilitate-fonduri-europene","config/seo-programs.json","pages.49.funding","valorile, procentele și termenele se confirmă în ghidul apelului activ sau în documentele oficiale publicate pentru sesiunea respectiva.","valorile, procentele și termenele se confirmă în documentul oficial al apelului analizat sau în documentele oficiale publicate pentru sesiunea respectiva.","Lexic controlat P0.14"
"/eligibilitate-fonduri-europene","config/seo-programs.json","pages.49.eligibleExpenses.0","costuri permise de programul activ","costuri permise de programul analizat","Lexic controlat P0.14"
"/eligibilitate-fonduri-europene","config/seo-programs.json","pages.49.evaluation.4","actualizare după ghidul activ","actualizare după documentul oficial aplicabil","Lexic controlat P0.14"
"/eligibilitate-fonduri-europene","config/seo-programs.json","pages.49.examples.1","un beneficiar poate schimba programul după verificarea eligibilității","un beneficiar poate schimba programul după verificarea inițială a eligibilității","Lexic controlat P0.14"
"/eligibilitate-fonduri-europene","config/seo-programs.json","pages.49.faq.0.1","Nu. Conținutul este orientativ și trebuie confirmat cu ghidul apelului activ și documentele solicitantului.","Nu. Conținutul este orientativ și trebuie confirmat cu documentul oficial al apelului analizat și documentele solicitantului.","Lexic controlat P0.14"
"/eligibilitate-fonduri-europene","config/seo-programs.json","pages.49.faq.3.1","Prin verificarea eligibilității, a bugetului, a cheltuielilor neeligibile, a punctajului și a termenelor înainte de depunere.","Prin verificarea inițială a eligibilității, a bugetului, a cheltuielilor neeligibile, a punctajului și a termenelor înainte de depunere.","Lexic controlat P0.14"
"/eligibilitate-fonduri-europene","config/seo-programs.json","pages.49.description","Hub despre eligibilitate: diferența dintre eligibilitate administrativă, tehnică și punctaj, documente, CAEN, cofinanțare și riscuri.","Hub despre eligibilitate: diferența dintre eligibilitate administrativă, tehnică și punctaj, documente, CAEN, contribuție proprie și riscuri.","Lexic controlat P0.14"
"/eligibilitate-fonduri-europene","config/seo-programs.json","pages.49.contentSections.0.tableRows.4.1","cofinanțare, TVA, costuri neeligibile și cash-flow","contribuție proprie, TVA, costuri neeligibile și cash-flow","Lexic controlat P0.14"
"/eligibilitate-fonduri-europene","config/seo-programs.json","pages.49.contentSections.0.links.0.label","Solicită verificare eligibilitate","Solicită verificare inițială","Lexic controlat P0.14"
"/eligibilitate-fonduri-europene","config/seo-programs.json","pages.49.heroPrimaryCta","Verifică eligibilitatea","Cere o verificare inițială","Lexic controlat P0.14"
"/eligibilitate-fonduri-europene","config/seo-programs.json","pages.49.decisionClose","Dacă documentele, bugetul sau condițiile nu se potrivesc, proiectul se ajustează înainte de depunere. Regulile finale se confirmă în ghidul activ, anexele apelului și sursele oficiale.","Dacă documentele, bugetul sau condițiile nu se potrivesc, proiectul se ajustează înainte de depunere. Regulile finale se confirmă în documentul oficial aplicabil, anexele apelului și sursele oficiale.","Lexic controlat P0.14"
"/","index.html","metadata","De la verificarea eligibilității la documentații tehnice și implementare, FABER sprijină pregătirea proiectelor pe baza regulilor aplicabile.","De la verificarea inițială a eligibilității la documentații tehnice și implementare, FABER sprijină pregătirea proiectelor pe baza regulilor aplicabile.","Lexic controlat P0.14"
"/","index.html","visible-copy","Solicită verificare eligibilitate","Solicită verificare inițială","Lexic controlat P0.14"
"/","index.html","visible-copy","Compară beneficiarii, statutul apelului și documentele cerute; decizia de aplicare se ia numai pe ghidul activ.","Compară beneficiarii, statutul apelului și documentele cerute; decizia de aplicare se ia numai pe documentul oficial aplicabil.","Lexic controlat P0.14"
"/","index.html","visible-copy","Verificăm solicitantul, codul CAEN, localitatea, activitatea, documentele disponibile, cofinanțarea și riscurile evidente înainte de recomandare.","Verificăm solicitantul, codul CAEN, localitatea, activitatea, documentele disponibile, contribuția proprie și riscurile evidente înainte de recomandare.","Lexic controlat P0.14"
"/","index.html","visible-copy","Prima decizie este dacă proiectul poate continua în forma propusă. Un CAEN neautorizat, un drept de folosință prea scurt sau un buget fără cofinanțare pot opri pregătirea înainte de redactarea dosarului.","Prima decizie este dacă proiectul poate continua în forma propusă. Un CAEN neautorizat, un drept de folosință prea scurt sau un buget fără contribuție proprie pot opri pregătirea înainte de redactarea dosarului.","Lexic controlat P0.14"
"/","index.html","visible-copy","Urmărim programe pentru firme, fermieri, start-up-uri, IMM-uri și instituții. Statusul, valorile și intensitățile se confirmă în ghidul apelului activ.","Urmărim programe pentru firme, fermieri, start-up-uri, IMM-uri și instituții. Statusul, valorile și intensitățile se confirmă în documentul oficial al apelului analizat.","Lexic controlat P0.14"
"/","index.html","visible-copy","Verificarea eligibilității arată dacă merită pregătit dosarul, dar nu transformă proiectul într-o finanțare sigură. Ghidul activ, anexele și documentele beneficiarului decid direcția.","Verificarea inițială a eligibilității arată dacă merită pregătit dosarul, dar nu transformă proiectul într-o finanțare sigură. Documentul oficial aplicabil, anexele și documentele beneficiarului decid direcția.","Lexic controlat P0.14"
"/","index.html","visible-copy","Solicitant, CAEN, spațiu și cofinanțare","Solicitant, CAEN, spațiu și contribuție proprie","Lexic controlat P0.14"
"/","index.html","visible-copy","Comparăm forma juridică, CAEN-ul sau activitatea agricolă, amplasamentul, investiția, bugetul și cofinanțarea cu cerințele apelului. O lipsă în documentele de spațiu sau în evidențele exploatației poate schimba programul recomandat.","Comparăm forma juridică, CAEN-ul sau activitatea agricolă, amplasamentul, investiția, bugetul și contribuția proprie cu cerințele apelului. O lipsă în documentele de spațiu sau în evidențele exploatației poate schimba programul recomandat.","Lexic controlat P0.14"
"/","index.html","visible-copy","Cum verificam CAEN, documente, cofinanțare, punctaj și riscuri înainte de recomandare.","Cum verificam CAEN, documente, contribuție proprie, punctaj și riscuri înainte de recomandare.","Lexic controlat P0.14"
"/","index.html","visible-copy","Termeni explicati simplu: eligibilitate, cofinanțare, punctaj, CAEN, IMM și ajutor de stat.","Termeni explicati simplu: eligibilitate, contribuție proprie, punctaj, CAEN, IMM și ajutor de stat.","Lexic controlat P0.14"
"/","index.html","visible-copy","Verificare eligibilitate și program potrivit pentru firme din București.","Verificare inițială a eligibilității și program potrivit pentru firme din București.","Lexic controlat P0.14"
"/","index.html","visible-copy","Verificare eligibilitate","Verificare inițială a eligibilității","Lexic controlat P0.14"
"/","index.html","json-ld:$.@graph[5].mainEntity[3].acceptedAnswer.text","Comparăm forma juridică, CAEN-ul sau activitatea agricolă, amplasamentul, investiția, bugetul și cofinanțarea cu cerințele apelului. O lipsă în documentele de spațiu sau în evidențele exploatației poate schimba programul recomandat.","Comparăm forma juridică, CAEN-ul sau activitatea agricolă, amplasamentul, investiția, bugetul și contribuția proprie cu cerințele apelului. O lipsă în documentele de spațiu sau în evidențele exploatației poate schimba programul recomandat.","Lexic controlat P0.14"
"/fonduri-europene","fonduri-europene/index.html","terminology-note","[lipsea explicația]","Pe acest site folosim «contribuție proprie» ca termen principal. În documentele oficiale pot apărea și «cofinanțare» sau «aport»; sensul și calculul se verifică în documentul aplicabil.","Explicație unică pentru sinonimele financiare"
"/fonduri-europene","fonduri-europene/index.html","metadata","Compară programe pentru firme, fermieri și instituții după solicitant, investiție, regiune, documente și cofinanțarea disponibilă.","Compară programe pentru firme, fermieri și instituții după solicitant, investiție, regiune, documente și contribuția proprie disponibilă.","Lexic controlat P0.14"
"/fonduri-europene","fonduri-europene/index.html","visible-copy","Solicită verificare eligibilitate","Solicită verificare inițială","Lexic controlat P0.14"
"/fonduri-europene","fonduri-europene/index.html","visible-copy","confirmă statutul și ghidul activ.","confirmă statutul și documentul oficial aplicabil.","Lexic controlat P0.14"
"/fonduri-europene","fonduri-europene/index.html","json-ld:$.@graph[2].description","Compară programe pentru firme, fermieri și instituții după solicitant, investiție, regiune, documente și cofinanțarea disponibilă.","Compară programe pentru firme, fermieri și instituții după solicitant, investiție, regiune, documente și contribuția proprie disponibilă.","Lexic controlat P0.14"
"/despre-faber","despre-faber/index.html","positioning","Verificăm ce poate fi demonstrat, explicăm ce lipsește și pregătim proiectul numai după ce investiția poate fi legată de un program și de o sursă realistă de finanțare.","Verificare prudentă, documentată și interdisciplinară — consultanță și proiectare — înainte de dosar. Verificăm ce poate fi demonstrat, explicăm ce lipsește și pregătim proiectul numai după ce investiția poate fi legată de un program și de o sursă realistă de finanțare.","Poziționare centrală FABER"
"/despre-faber","despre-faber/index.html","visible-copy","Solicită verificare eligibilitate","Solicită verificare inițială","Lexic controlat P0.14"
"/despre-faber","despre-faber/index.html","visible-copy","FABER este numele public al Atelier de Consultanță. Activitatea reunește verificarea eligibilității, pregătirea cererilor de finanțare și coordonarea documentațiilor tehnice necesare investițiilor. Nu publicăm rate de succes, volume de proiecte sau testimoniale fără dovadă și acord.","FABER este numele public al Atelier de Consultanță. Activitatea reunește verificarea inițială a eligibilității, pregătirea cererilor de finanțare și coordonarea documentațiilor tehnice necesare investițiilor. Nu publicăm rate de succes, volume de proiecte sau testimoniale fără dovadă și acord.","Lexic controlat P0.14"
"/despre-faber","despre-faber/index.html","visible-copy","asigură cofinanțarea și cash-flow-ul;","asigură contribuția proprie și cash-flow-ul;","Lexic controlat P0.14"
"/despre-faber","despre-faber/index.html","visible-copy","Acte de firmă sau fermă, spațiu, oferte și sursa cofinanțării.","Acte de firmă sau fermă, spațiu, oferte și sursa contribuției proprii.","Lexic controlat P0.14"
"/despre-faber","despre-faber/index.html","visible-copy","FABER este denumirea publică Atelier de Consultanță pentru servicii de consultanță, verificarea eligibilității și coordonarea documentațiilor pentru proiecte finanțate.","FABER este denumirea publică Atelier de Consultanță pentru servicii de consultanță, verificarea inițială a eligibilității și coordonarea documentațiilor pentru proiecte finanțate.","Lexic controlat P0.14"
"/despre-faber","despre-faber/index.html","json-ld:$.@graph[4].mainEntity[0].acceptedAnswer.text","FABER este denumirea publică Atelier de Consultanță pentru servicii de consultanță, verificarea eligibilității și coordonarea documentațiilor pentru proiecte finanțate.","FABER este denumirea publică Atelier de Consultanță pentru servicii de consultanță, verificarea inițială a eligibilității și coordonarea documentațiilor pentru proiecte finanțate.","Lexic controlat P0.14"
"/contact","contact/index.html","visible-copy","Solicită verificare eligibilitate","Solicită verificare inițială","Lexic controlat P0.14"
"/contact","contact/index.html","visible-copy","Buget estimat / cofinanțare","Buget estimat / contribuție proprie","Lexic controlat P0.14"
"/contact","contact/index.html","json-ld:$.@graph[4].mainEntity[0].acceptedAnswer.text","Program vizat (opțional) Nu știu încă Programul Regional Nord-Est DR12 AFIR AFIR Autoconsum Agroalimentar Autoconsum instituții publice DR14 AFIR Digitalizare IMM Femeia Antreprenor PRO INFRA Start-Up Nation Modernizarea microîntreprinderilor – Apel 2 Fondul pentru Modernizare – energie regenerabilă Apeluri GAL e-MOVE RO GAL-AFIR / LEADER Fondul pentru Modernizare Fondul pentru Modernizare – autoconsum Fonduri regionale PNRR PoCIDIF 2.1 Programul Tranziție Justă CAEN sau dimensiune economică SO (opțional) Buget estimat / cofinanțare (opțional)","Program vizat (opțional) Nu știu încă Programul Regional Nord-Est DR12 AFIR AFIR Autoconsum Agroalimentar Autoconsum instituții publice DR14 AFIR Digitalizare IMM Femeia Antreprenor PRO INFRA Start-Up Nation Modernizarea microîntreprinderilor – Apel 2 Fondul pentru Modernizare – energie regenerabilă Apeluri GAL e-MOVE RO GAL-AFIR / LEADER Fondul pentru Modernizare Fondul pentru Modernizare – autoconsum Fonduri regionale PNRR PoCIDIF 2.1 Programul Tranziție Justă CAEN sau dimensiune economică SO (opțional) Buget estimat / contribuție proprie (opțional)","Lexic controlat P0.14"
"/eligibilitate-fonduri-europene","eligibilitate-fonduri-europene/index.html","metadata","Hub despre eligibilitate: diferența dintre eligibilitate administrativă, tehnică și punctaj, documente, CAEN, cofinanțare și riscuri.","Hub despre eligibilitate: diferența dintre eligibilitate administrativă, tehnică și punctaj, documente, CAEN, contribuție proprie și riscuri.","Lexic controlat P0.14"
"/eligibilitate-fonduri-europene","eligibilitate-fonduri-europene/index.html","visible-copy","Solicită verificare eligibilitate","Solicită verificare inițială","Lexic controlat P0.14"
"/eligibilitate-fonduri-europene","eligibilitate-fonduri-europene/index.html","visible-copy","Hub despre eligibilitate: diferența dintre eligibilitate administrativă, tehnică și punctaj, documente, CAEN, cofinanțare și riscuri.","Hub despre eligibilitate: diferența dintre eligibilitate administrativă, tehnică și punctaj, documente, CAEN, contribuție proprie și riscuri.","Lexic controlat P0.14"
"/eligibilitate-fonduri-europene","eligibilitate-fonduri-europene/index.html","visible-copy","Verifică eligibilitatea","Cere o verificare inițială","Lexic controlat P0.14"
"/eligibilitate-fonduri-europene","eligibilitate-fonduri-europene/index.html","visible-copy","valorile, procentele și termenele se confirmă în ghidul apelului activ sau în documentele oficiale publicate pentru sesiunea respectiva.","valorile, procentele și termenele se confirmă în documentul oficial al apelului analizat sau în documentele oficiale publicate pentru sesiunea respectiva.","Lexic controlat P0.14"
"/eligibilitate-fonduri-europene","eligibilitate-fonduri-europene/index.html","visible-copy","verificare eligibilitate și discuție de consultanță","verificare inițială a eligibilității și discuție de consultanță","Lexic controlat P0.14"
"/eligibilitate-fonduri-europene","eligibilitate-fonduri-europene/index.html","visible-copy","Informațiile de pe această pagină sunt construite pentru orientare practică. Ele nu promit aprobare și nu înlocuiesc verificarea apelului activ, a anexelor și a grilei de selecție. Scopul este să poți pregăti o discuție serioasa despre eligibilitate și dosar.","Informațiile de pe această pagină sunt construite pentru orientare practică. Ele nu promit aprobare și nu înlocuiesc verificarea apelului analizat, a anexelor și a grilei de selecție. Scopul este să poți pregăti o discuție serioasa despre eligibilitate și dosar.","Lexic controlat P0.14"
"/eligibilitate-fonduri-europene","eligibilitate-fonduri-europene/index.html","visible-copy","costuri permise de programul activ; servicii sau dotări justificate prin proiect; documente și resurse de pregătire; investiții care susțin obiectivele apelului","costuri permise de programul analizat; servicii sau dotări justificate prin proiect; documente și resurse de pregătire; investiții care susțin obiectivele apelului","Lexic controlat P0.14"
"/eligibilitate-fonduri-europene","eligibilitate-fonduri-europene/index.html","visible-copy","Dacă documentele, bugetul sau condițiile nu se potrivesc, proiectul se ajustează înainte de depunere. Regulile finale se confirmă în ghidul activ, anexele apelului și sursele oficiale.","Dacă documentele, bugetul sau condițiile nu se potrivesc, proiectul se ajustează înainte de depunere. Regulile finale se confirmă în documentul oficial aplicabil, anexele apelului și sursele oficiale.","Lexic controlat P0.14"
"/eligibilitate-fonduri-europene","eligibilitate-fonduri-europene/index.html","visible-copy","cofinanțare, TVA, costuri neeligibile și cash-flow","contribuție proprie, TVA, costuri neeligibile și cash-flow","Lexic controlat P0.14"
"/eligibilitate-fonduri-europene","eligibilitate-fonduri-europene/index.html","visible-copy","costuri permise de programul activ","costuri permise de programul analizat","Lexic controlat P0.14"
"/eligibilitate-fonduri-europene","eligibilitate-fonduri-europene/index.html","visible-copy","Finanțare, cofinanțare și buget","Finanțare, contribuție proprie și buget","Lexic controlat P0.14"
"/eligibilitate-fonduri-europene","eligibilitate-fonduri-europene/index.html","visible-copy","valorile, procentele și termenele se confirmă în ghidul apelului activ sau în documentele oficiale publicate pentru sesiunea respectiva. Pentru o decizie realistă, bugetul trebuie impartit în cheltuieli eligibile, cheltuieli neeligibile, contribuție proprie, posibile diferențe de curs, costuri de implementare și rezerva pentru intarzieri.","valorile, procentele și termenele se confirmă în documentul oficial al apelului analizat sau în documentele oficiale publicate pentru sesiunea respectiva. Pentru o decizie realistă, bugetul trebuie impartit în cheltuieli eligibile, cheltuieli neeligibile, contribuție proprie, posibile diferențe de curs, costuri de implementare și rezerva pentru intarzieri.","Lexic controlat P0.14"
"/eligibilitate-fonduri-europene","eligibilitate-fonduri-europene/index.html","visible-copy","Exemplu numeric de cofinanțare","Exemplu numeric de contribuție proprie","Lexic controlat P0.14"
"/eligibilitate-fonduri-europene","eligibilitate-fonduri-europene/index.html","visible-copy","procentul real se confirmă în ghidul activ","procentul real se confirmă în documentul oficial aplicabil","Lexic controlat P0.14"
"/eligibilitate-fonduri-europene","eligibilitate-fonduri-europene/index.html","visible-copy","actualizare după ghidul activ","actualizare după documentul oficial aplicabil","Lexic controlat P0.14"
"/eligibilitate-fonduri-europene","eligibilitate-fonduri-europene/index.html","visible-copy","un beneficiar poate schimba programul după verificarea eligibilității","un beneficiar poate schimba programul după verificarea inițială a eligibilității","Lexic controlat P0.14"
"/eligibilitate-fonduri-europene","eligibilitate-fonduri-europene/index.html","visible-copy","Nu. Conținutul este orientativ și trebuie confirmat cu ghidul apelului activ și documentele solicitantului.","Nu. Conținutul este orientativ și trebuie confirmat cu documentul oficial al apelului analizat și documentele solicitantului.","Lexic controlat P0.14"
"/eligibilitate-fonduri-europene","eligibilitate-fonduri-europene/index.html","visible-copy","Prin verificarea eligibilității, a bugetului, a cheltuielilor neeligibile, a punctajului și a termenelor înainte de depunere.","Prin verificarea inițială a eligibilității, a bugetului, a cheltuielilor neeligibile, a punctajului și a termenelor înainte de depunere.","Lexic controlat P0.14"
"/eligibilitate-fonduri-europene","eligibilitate-fonduri-europene/index.html","visible-copy","Porneste de la solicitant, cod CAEN, localitate, investiție, buget și documentele disponibile. Dacă una dintre aceste piese nu se potriveste cu apelul activ, proiectul trebuie ajustat înainte de depunere.","Porneste de la solicitant, cod CAEN, localitate, investiție, buget și documentele disponibile. Dacă una dintre aceste piese nu se potriveste cu apelul analizat, proiectul trebuie ajustat înainte de depunere.","Lexic controlat P0.14"
"/eligibilitate-fonduri-europene","eligibilitate-fonduri-europene/index.html","visible-copy","Nu merită să aplici când nu poți dovedi eligibilitatea, când cheltuielile principale nu sunt permise, când cofinanțarea nu este acoperita sau când calendarul nu permite documente complete și verificabile.","Nu merită să aplici când nu poți dovedi eligibilitatea, când cheltuielile principale nu sunt permise, când contribuția proprie nu este acoperita sau când calendarul nu permite documente complete și verificabile.","Lexic controlat P0.14"
"/eligibilitate-fonduri-europene","eligibilitate-fonduri-europene/index.html","visible-copy","Dacă proiectul implica sume, cheltuieli tehnice, condiții de vârstă, cod CAEN, amplasament sau cofinanțare, merită verificat înainte de depunere. O analiză inițială poate identifica rapid documentele lipsă și riscurile evidente.","Dacă proiectul implica sume, cheltuieli tehnice, condiții de vârstă, cod CAEN, amplasament sau contribuție proprie, merită verificat înainte de depunere. O analiză inițială poate identifica rapid documentele lipsă și riscurile evidente.","Lexic controlat P0.14"
"/eligibilitate-fonduri-europene","eligibilitate-fonduri-europene/index.html","visible-copy","Verificare eligibilitate","Verificare inițială a eligibilității","Lexic controlat P0.14"
"/eligibilitate-fonduri-europene","eligibilitate-fonduri-europene/index.html","json-ld:$.@graph[2].description","Hub despre eligibilitate: diferența dintre eligibilitate administrativă, tehnică și punctaj, documente, CAEN, cofinanțare și riscuri.","Hub despre eligibilitate: diferența dintre eligibilitate administrativă, tehnică și punctaj, documente, CAEN, contribuție proprie și riscuri.","Lexic controlat P0.14"
"/eligibilitate-fonduri-europene","eligibilitate-fonduri-europene/index.html","json-ld:$.@graph[4].mainEntity[0].acceptedAnswer.text","Nu. Conținutul este orientativ și trebuie confirmat cu ghidul apelului activ și documentele solicitantului.","Nu. Conținutul este orientativ și trebuie confirmat cu documentul oficial al apelului analizat și documentele solicitantului.","Lexic controlat P0.14"
"/eligibilitate-fonduri-europene","eligibilitate-fonduri-europene/index.html","json-ld:$.@graph[4].mainEntity[3].acceptedAnswer.text","Prin verificarea eligibilității, a bugetului, a cheltuielilor neeligibile, a punctajului și a termenelor înainte de depunere.","Prin verificarea inițială a eligibilității, a bugetului, a cheltuielilor neeligibile, a punctajului și a termenelor înainte de depunere.","Lexic controlat P0.14"
"/eligibilitate-fonduri-europene","eligibilitate-fonduri-europene/index.html","json-ld:$.@graph[4].mainEntity[4].acceptedAnswer.text","Porneste de la solicitant, cod CAEN, localitate, investiție, buget și documentele disponibile. Dacă una dintre aceste piese nu se potriveste cu apelul activ, proiectul trebuie ajustat înainte de depunere.","Porneste de la solicitant, cod CAEN, localitate, investiție, buget și documentele disponibile. Dacă una dintre aceste piese nu se potriveste cu apelul analizat, proiectul trebuie ajustat înainte de depunere.","Lexic controlat P0.14"
"/eligibilitate-fonduri-europene","eligibilitate-fonduri-europene/index.html","json-ld:$.@graph[4].mainEntity[5].acceptedAnswer.text","Nu merită să aplici când nu poți dovedi eligibilitatea, când cheltuielile principale nu sunt permise, când cofinanțarea nu este acoperita sau când calendarul nu permite documente complete și verificabile.","Nu merită să aplici când nu poți dovedi eligibilitatea, când cheltuielile principale nu sunt permise, când contribuția proprie nu este acoperita sau când calendarul nu permite documente complete și verificabile.","Lexic controlat P0.14"
"/fonduri-europene-digitalizare","fonduri-europene-digitalizare/index.html","visible-copy","Solicită verificare eligibilitate","Solicită verificare inițială","Lexic controlat P0.14"
"/fonduri-europene-digitalizare","fonduri-europene-digitalizare/index.html","visible-copy","Verifică eligibilitatea pentru Fonduri europene pentru digitalizare","Cere o verificare inițială pentru Fonduri europene pentru digitalizare","Lexic controlat P0.14"
"/fonduri-europene-digitalizare","fonduri-europene-digitalizare/index.html","visible-copy","valorile depind de apelul activ.","valorile depind de apelul analizat.","Lexic controlat P0.14"
"/fonduri-europene-digitalizare","fonduri-europene-digitalizare/index.html","visible-copy","verificare eligibilitate și discuție de consultanță","verificare inițială a eligibilității și discuție de consultanță","Lexic controlat P0.14"
"/fonduri-europene-digitalizare","fonduri-europene-digitalizare/index.html","visible-copy","Informațiile de pe această pagină sunt construite pentru orientare practică. Ele nu promit aprobare și nu înlocuiesc verificarea apelului activ, a anexelor și a grilei de selecție. Scopul este să poți pregăti o discuție serioasa despre eligibilitate și dosar.","Informațiile de pe această pagină sunt construite pentru orientare practică. Ele nu promit aprobare și nu înlocuiesc verificarea apelului analizat, a anexelor și a grilei de selecție. Scopul este să poți pregăti o discuție serioasa despre eligibilitate și dosar.","Lexic controlat P0.14"
"/fonduri-europene-digitalizare","fonduri-europene-digitalizare/index.html","visible-copy","Dacă datele, documentele sau bugetul nu susțin proiectul, recomandarea prudentă este ajustarea sau amanarea depunerii. Regulile finale se confirmă în ghidul activ, anexele apelului și sursele oficiale.","Dacă datele, documentele sau bugetul nu susțin proiectul, recomandarea prudentă este ajustarea sau amanarea depunerii. Regulile finale se confirmă în documentul oficial aplicabil, anexele apelului și sursele oficiale.","Lexic controlat P0.14"
"/fonduri-europene-digitalizare","fonduri-europene-digitalizare/index.html","visible-copy","Finanțare, cofinanțare și buget","Finanțare, contribuție proprie și buget","Lexic controlat P0.14"
"/fonduri-europene-digitalizare","fonduri-europene-digitalizare/index.html","visible-copy","valorile depind de apelul activ. Pentru o decizie realistă, bugetul trebuie impartit în cheltuieli eligibile, cheltuieli neeligibile, contribuție proprie, posibile diferențe de curs, costuri de implementare și rezerva pentru intarzieri.","valorile depind de apelul analizat. Pentru o decizie realistă, bugetul trebuie impartit în cheltuieli eligibile, cheltuieli neeligibile, contribuție proprie, posibile diferențe de curs, costuri de implementare și rezerva pentru intarzieri.","Lexic controlat P0.14"
"/fonduri-europene-digitalizare","fonduri-europene-digitalizare/index.html","visible-copy","Exemplu numeric de cofinanțare","Exemplu numeric de contribuție proprie","Lexic controlat P0.14"
"/fonduri-europene-digitalizare","fonduri-europene-digitalizare/index.html","visible-copy","procentul real se confirmă în ghidul activ","procentul real se confirmă în documentul oficial aplicabil","Lexic controlat P0.14"
"/fonduri-europene-digitalizare","fonduri-europene-digitalizare/index.html","visible-copy","Porneste de la solicitant, cod CAEN, localitate, investiție, buget și documentele disponibile. Dacă una dintre aceste piese nu se potriveste cu apelul activ, proiectul trebuie ajustat înainte de depunere.","Porneste de la solicitant, cod CAEN, localitate, investiție, buget și documentele disponibile. Dacă una dintre aceste piese nu se potriveste cu apelul analizat, proiectul trebuie ajustat înainte de depunere.","Lexic controlat P0.14"
"/fonduri-europene-digitalizare","fonduri-europene-digitalizare/index.html","visible-copy","Nu merită să aplici când nu poți dovedi eligibilitatea, când cheltuielile principale nu sunt permise, când cofinanțarea nu este acoperita sau când calendarul nu permite documente complete și verificabile.","Nu merită să aplici când nu poți dovedi eligibilitatea, când cheltuielile principale nu sunt permise, când contribuția proprie nu este acoperita sau când calendarul nu permite documente complete și verificabile.","Lexic controlat P0.14"
"/fonduri-europene-digitalizare","fonduri-europene-digitalizare/index.html","visible-copy","De regula sunt necesare documente de firmă sau solicitant, documente pentru activitate și locație, date financiare, oferte, descrierea investiției și informații despre cofinanțare.","De regula sunt necesare documente de firmă sau solicitant, documente pentru activitate și locație, date financiare, oferte, descrierea investiției și informații despre contribuție proprie.","Lexic controlat P0.14"
"/fonduri-europene-digitalizare","fonduri-europene-digitalizare/index.html","visible-copy","Dacă proiectul implica sume, cheltuieli tehnice, condiții de vârstă, cod CAEN, amplasament sau cofinanțare, merită verificat înainte de depunere. O analiză inițială poate identifica rapid documentele lipsă și riscurile evidente.","Dacă proiectul implica sume, cheltuieli tehnice, condiții de vârstă, cod CAEN, amplasament sau contribuție proprie, merită verificat înainte de depunere. O analiză inițială poate identifica rapid documentele lipsă și riscurile evidente.","Lexic controlat P0.14"
"/fonduri-europene-digitalizare","fonduri-europene-digitalizare/index.html","visible-copy","Verifică eligibilitatea","Cere o verificare inițială","Lexic controlat P0.14"
"/fonduri-europene-digitalizare","fonduri-europene-digitalizare/index.html","json-ld:$.@graph[4].mainEntity[4].acceptedAnswer.text","Porneste de la solicitant, cod CAEN, localitate, investiție, buget și documentele disponibile. Dacă una dintre aceste piese nu se potriveste cu apelul activ, proiectul trebuie ajustat înainte de depunere.","Porneste de la solicitant, cod CAEN, localitate, investiție, buget și documentele disponibile. Dacă una dintre aceste piese nu se potriveste cu apelul analizat, proiectul trebuie ajustat înainte de depunere.","Lexic controlat P0.14"
"/fonduri-europene-digitalizare","fonduri-europene-digitalizare/index.html","json-ld:$.@graph[4].mainEntity[5].acceptedAnswer.text","Nu merită să aplici când nu poți dovedi eligibilitatea, când cheltuielile principale nu sunt permise, când cofinanțarea nu este acoperita sau când calendarul nu permite documente complete și verificabile.","Nu merită să aplici când nu poți dovedi eligibilitatea, când cheltuielile principale nu sunt permise, când contribuția proprie nu este acoperita sau când calendarul nu permite documente complete și verificabile.","Lexic controlat P0.14"
"/fonduri-europene-digitalizare","fonduri-europene-digitalizare/index.html","json-ld:$.@graph[4].mainEntity[6].acceptedAnswer.text","De regula sunt necesare documente de firmă sau solicitant, documente pentru activitate și locație, date financiare, oferte, descrierea investiției și informații despre cofinanțare.","De regula sunt necesare documente de firmă sau solicitant, documente pentru activitate și locație, date financiare, oferte, descrierea investiției și informații despre contribuție proprie.","Lexic controlat P0.14"
"/verificare-eligibilitate-fonduri-europene","verificare-eligibilitate-fonduri-europene/index.html","title","Verificare eligibilitate fonduri europene | FABER","Verificare inițială a eligibilității fonduri europene | FABER","Lexic controlat P0.14"
"/verificare-eligibilitate-fonduri-europene","verificare-eligibilitate-fonduri-europene/index.html","metadata","Verificăm solicitantul, codul CAEN, locația, investiția, bugetul, cofinanțarea și documentele înainte de alegerea programului.","Verificăm solicitantul, codul CAEN, locația, investiția, bugetul, contribuția proprie și documentele înainte de alegerea programului.","Lexic controlat P0.14"
"/verificare-eligibilitate-fonduri-europene","verificare-eligibilitate-fonduri-europene/index.html","metadata","Verifică eligibilitatea proiectului | FABER","Cere o verificare inițială a proiectului | FABER","Lexic controlat P0.14"
"/verificare-eligibilitate-fonduri-europene","verificare-eligibilitate-fonduri-europene/index.html","metadata","Analizăm solicitantul, CAEN-ul, locația, investiția, bugetul, cofinanțarea și documentele înainte de alegerea unui program.","Analizăm solicitantul, CAEN-ul, locația, investiția, bugetul, contribuția proprie și documentele înainte de alegerea unui program.","Lexic controlat P0.14"
"/verificare-eligibilitate-fonduri-europene","verificare-eligibilitate-fonduri-europene/index.html","visible-copy","Solicită verificare eligibilitate","Solicită verificare inițială","Lexic controlat P0.14"
"/verificare-eligibilitate-fonduri-europene","verificare-eligibilitate-fonduri-europene/index.html","visible-copy","/ Verificare eligibilitate pentru fonduri europene","/ Verificare inițială a eligibilității pentru fonduri europene","Lexic controlat P0.14"
"/verificare-eligibilitate-fonduri-europene","verificare-eligibilitate-fonduri-europene/index.html","visible-copy","Verificare eligibilitate pentru fonduri europene","Verificare inițială a eligibilității pentru fonduri europene","Lexic controlat P0.14"
"/verificare-eligibilitate-fonduri-europene","verificare-eligibilitate-fonduri-europene/index.html","visible-copy","Verificare inițială pentru fonduri europene: firmă, CAEN, localitate, investiție, buget, cofinanțare, documente și program potrivit.","Verificare inițială pentru fonduri europene: firmă, CAEN, localitate, investiție, buget, contribuție proprie, documente și program potrivit.","Lexic controlat P0.14"
"/verificare-eligibilitate-fonduri-europene","verificare-eligibilitate-fonduri-europene/index.html","visible-copy","Verifică eligibilitatea","Cere o verificare inițială","Lexic controlat P0.14"
"/verificare-eligibilitate-fonduri-europene","verificare-eligibilitate-fonduri-europene/index.html","visible-copy","Verificarea eligibilității pentru fonduri europene se adresează firmelor, fermierilor și organizațiilor care au o investiție conturată, dar trebuie să aleagă sau să confirme programul potrivit. Sunt controlate solicitantul, codul CAEN, locația, bugetul, cofinanțarea și documentele. Concluzia este preliminară până la confruntarea cu ghidul final și anexele apelului activ.","Verificarea inițială a eligibilității pentru fonduri europene se adresează firmelor, fermierilor și organizațiilor care au o investiție conturată, dar trebuie să aleagă sau să confirme programul potrivit. Sunt controlate solicitantul, codul CAEN, locația, bugetul, contribuția proprie și documentele. Concluzia este preliminară până la confruntarea cu ghidul final și anexele apelului analizat.","Lexic controlat P0.14"
"/verificare-eligibilitate-fonduri-europene","verificare-eligibilitate-fonduri-europene/index.html","visible-copy","Serviciul verifică dacă solicitantul și investiția au o potrivire realistă cu un program de finanțare. Sunt necesare forma juridică, CAEN-ul sau activitatea fermei, localitatea, bugetul, cofinanțarea și documentele existente. Rezultatul poate fi: continuăm pregătirea, ajustăm proiectul sau amânăm până când apar documente ori reguli mai clare.","Serviciul verifică dacă solicitantul și investiția au o potrivire realistă cu un program de finanțare. Sunt necesare forma juridică, CAEN-ul sau activitatea fermei, localitatea, bugetul, contribuția proprie și documentele existente. Rezultatul poate fi: continuăm pregătirea, ajustăm proiectul sau amânăm până când apar documente ori reguli mai clare.","Lexic controlat P0.14"
"/verificare-eligibilitate-fonduri-europene","verificare-eligibilitate-fonduri-europene/index.html","visible-copy","Verificare eligibilitate","Verificare inițială a eligibilității","Lexic controlat P0.14"
"/verificare-eligibilitate-fonduri-europene","verificare-eligibilitate-fonduri-europene/index.html","visible-copy","concluzia inițială nu înlocuiește evaluarea autorității și nici ghidul apelului activ","concluzia inițială nu înlocuiește evaluarea autorității și nici documentul oficial al apelului analizat","Lexic controlat P0.14"
"/verificare-eligibilitate-fonduri-europene","verificare-eligibilitate-fonduri-europene/index.html","visible-copy","Verificarea începe înaintea listei de achiziții. Comparăm forma juridică, CAEN-ul sau activitatea agricolă, localitatea, dreptul asupra spațiului, bugetul și cofinanțarea cu regulile programului urmărit.","Verificarea începe înaintea listei de achiziții. Comparăm forma juridică, CAEN-ul sau activitatea agricolă, localitatea, dreptul asupra spațiului, bugetul și contribuția proprie cu regulile programului urmărit.","Lexic controlat P0.14"
"/verificare-eligibilitate-fonduri-europene","verificare-eligibilitate-fonduri-europene/index.html","visible-copy","oferte comparabile, cheltuieli permise, TVA, cofinanțare și costuri neeligibile","oferte comparabile, cheltuieli permise, TVA, contribuție proprie și costuri neeligibile","Lexic controlat P0.14"
"/verificare-eligibilitate-fonduri-europene","verificare-eligibilitate-fonduri-europene/index.html","visible-copy","Dacă documentele, bugetul sau condițiile nu se potrivesc, proiectul se ajustează înainte de depunere. Regulile finale se confirmă în ghidul activ, anexele apelului și sursele oficiale.","Dacă documentele, bugetul sau condițiile nu se potrivesc, proiectul se ajustează înainte de depunere. Regulile finale se confirmă în documentul oficial aplicabil, anexele apelului și sursele oficiale.","Lexic controlat P0.14"
"/verificare-eligibilitate-fonduri-europene","verificare-eligibilitate-fonduri-europene/index.html","visible-copy","Concluzia nu este o promisiune de aprobare. Este o filtrare pragmatică: proiectul poate merge mai departe, trebuie ajustat sau ar trebui amânat până când ghidul activ și documentele confirmă încadrarea.","Concluzia nu este o promisiune de aprobare. Este o filtrare pragmatică: proiectul poate merge mai departe, trebuie ajustat sau ar trebui amânat până când documentul oficial aplicabil și documentele confirmă încadrarea.","Lexic controlat P0.14"
"/verificare-eligibilitate-fonduri-europene","verificare-eligibilitate-fonduri-europene/index.html","visible-copy","investiția dorită, bugetul estimat și cofinanțarea disponibilă;","investiția dorită, bugetul estimat și contribuția proprie disponibilă;","Lexic controlat P0.14"
"/verificare-eligibilitate-fonduri-europene","verificare-eligibilitate-fonduri-europene/index.html","visible-copy","solicitanți care pot documenta amplasamentul și cofinanțarea.","solicitanți care pot documenta amplasamentul și contribuția proprie.","Lexic controlat P0.14"
"/verificare-eligibilitate-fonduri-europene","verificare-eligibilitate-fonduri-europene/index.html","visible-copy","bugetul și cofinanțarea;","bugetul și contribuția proprie;","Lexic controlat P0.14"
"/verificare-eligibilitate-fonduri-europene","verificare-eligibilitate-fonduri-europene/index.html","visible-copy","Finanțare, cofinanțare și buget","Finanțare, contribuție proprie și buget","Lexic controlat P0.14"
"/verificare-eligibilitate-fonduri-europene","verificare-eligibilitate-fonduri-europene/index.html","visible-copy","procentul din apelul activ","procentul din apelul analizat","Lexic controlat P0.14"
"/verificare-eligibilitate-fonduri-europene","verificare-eligibilitate-fonduri-europene/index.html","visible-copy","Cum se calculează cofinanțarea?","Cum se calculează contribuția proprie?","Lexic controlat P0.14"
"/verificare-eligibilitate-fonduri-europene","verificare-eligibilitate-fonduri-europene/index.html","json-ld:$.@graph[2].description","Verificăm solicitantul, codul CAEN, locația, investiția, bugetul, cofinanțarea și documentele înainte de alegerea programului.","Verificăm solicitantul, codul CAEN, locația, investiția, bugetul, contribuția proprie și documentele înainte de alegerea programului.","Lexic controlat P0.14"
"/verificare-eligibilitate-fonduri-europene","verificare-eligibilitate-fonduri-europene/index.html","json-ld:$.@graph[2].name","Verificare eligibilitate pentru fonduri europene","Verificare inițială a eligibilității pentru fonduri europene","Lexic controlat P0.14"
"/verificare-eligibilitate-fonduri-europene","verificare-eligibilitate-fonduri-europene/index.html","json-ld:$.@graph[3].itemListElement[2].name","Verificare eligibilitate pentru fonduri europene","Verificare inițială a eligibilității pentru fonduri europene","Lexic controlat P0.14"
"/verificare-eligibilitate-fonduri-europene","verificare-eligibilitate-fonduri-europene/index.html","json-ld:$.@graph[4].description","Verificăm solicitantul, codul CAEN, locația, investiția, bugetul, cofinanțarea și documentele înainte de alegerea programului.","Verificăm solicitantul, codul CAEN, locația, investiția, bugetul, contribuția proprie și documentele înainte de alegerea programului.","Lexic controlat P0.14"
"/verificare-eligibilitate-fonduri-europene","verificare-eligibilitate-fonduri-europene/index.html","json-ld:$.@graph[4].name","Verificare eligibilitate pentru fonduri europene","Verificare inițială a eligibilității pentru fonduri europene","Lexic controlat P0.14"
"/verificare-eligibilitate-fonduri-europene","verificare-eligibilitate-fonduri-europene/index.html","json-ld:$.@graph[5].mainEntity[4].name","Cum se calculează cofinanțarea?","Cum se calculează contribuția proprie?","Lexic controlat P0.14"
"/","index.html","visible-copy","Cofinanțare","Contribuție proprie","Lexic controlat P0.14"
"/despre-faber","despre-faber/index.html","visible-copy","Cofinanțare","Contribuție proprie","Lexic controlat P0.14"
"/contact","contact/index.html","visible-copy","Cofinanțare","Contribuție proprie","Lexic controlat P0.14"
"/fonduri-europene","fonduri-europene/index.html","visible-copy","Cofinanțare","Contribuție proprie","Lexic controlat P0.14"
"/fonduri-europene-digitalizare","fonduri-europene-digitalizare/index.html","visible-copy","Cofinanțare","Contribuție proprie","Lexic controlat P0.14"
"/fonduri-europene-digitalizare","fonduri-europene-digitalizare/index.html","visible-copy","Descrie procesele actuale, nevoile, utilizatorii, integrarea, securitatea și rezultatele urmărite. Cerințele furnizorilor se clarifică după verificarea eligibilității investiției.","Descrie procesele actuale, nevoile, utilizatorii, integrarea, securitatea și rezultatele urmărite. Cerințele furnizorilor se clarifică după verificarea inițială a eligibilității investiției.","Lexic controlat P0.14"
"/fonduri-europene-digitalizare","fonduri-europene-digitalizare/index.html","json-ld:$.@graph[4].mainEntity[4].acceptedAnswer.text","Descrie procesele actuale, nevoile, utilizatorii, integrarea, securitatea și rezultatele urmărite. Cerințele furnizorilor se clarifică după verificarea eligibilității investiției.","Descrie procesele actuale, nevoile, utilizatorii, integrarea, securitatea și rezultatele urmărite. Cerințele furnizorilor se clarifică după verificarea inițială a eligibilității investiției.","Lexic controlat P0.14"
"/digitalizare-imm","digitalizare-imm/index.html","visible-copy","Cofinanțare","Contribuție proprie","Lexic controlat P0.14"
"/eligibilitate-fonduri-europene","eligibilitate-fonduri-europene/index.html","visible-copy","Cofinanțare","Contribuție proprie","Lexic controlat P0.14"
"/verificare-eligibilitate-fonduri-europene","verificare-eligibilitate-fonduri-europene/index.html","visible-copy","Cofinanțare","Contribuție proprie","Lexic controlat P0.14"
"/dr12-afir","dr12-afir/index.html","visible-copy","Cofinanțare","Contribuție proprie","Lexic controlat P0.14"
"/dr14","dr14/index.html","visible-copy","Cofinanțare","Contribuție proprie","Lexic controlat P0.14"
"/verificare-eligibilitate-fonduri-europene","verificare-eligibilitate-fonduri-europene/index.html","json-ld:$.@graph[3].itemListElement[2].name","Verificare eligibilitate","Verificare inițială a eligibilității","Lexic controlat P0.14"
"/","index.html","positioning","Verificăm solicitantul, programul, punctajul, bugetul și documentele înainte de a începe dosarul. Concluzia poate fi: continuăm, ajustăm sau nu depunem acum.","Verificare prudentă, documentată și interdisciplinară — consultanță și proiectare — înainte de dosar. Verificăm solicitantul, programul, punctajul, bugetul și documentele înainte de a începe dosarul. Concluzia poate fi: continuăm, ajustăm sau nu depunem acum.","Poziționare centrală FABER"
"/","index.html","visible-copy","Verifică eligibilitatea proiectului","Cere o verificare inițială a proiectului","Lexic controlat P0.14"
"/dr12-afir","dr12-afir/index.html","visible-copy","Verifică eligibilitatea DR-12 Investiții în consolidarea exploatațiilor tinerilor fermieri instalați și a fermierilor cu vârsta de până la 45 de ani","Cere o verificare inițială DR-12 Investiții în consolidarea exploatațiilor tinerilor fermieri instalați și a fermierilor cu vârsta de până la 45 de ani","Lexic controlat P0.14"
"/dr14","dr14/index.html","visible-copy","Verifică eligibilitatea DR-14 Investiții în fermele de mici dimensiuni","Cere o verificare inițială DR-14 Investiții în fermele de mici dimensiuni","Lexic controlat P0.14"
"/digitalizare-imm","digitalizare-imm/index.html","visible-copy","Verifică eligibilitatea Digitalizarea IMM-urilor","Cere o verificare inițială Digitalizarea IMM-urilor","Lexic controlat P0.14"
"/","index.html","positioning","Analizăm proiectul înainte de pregătirea dosarului: forma solicitantului, activitatea sau exploatația, amplasamentul, investiția, bugetul și documentele. Stabilim ce program poate fi potrivit, ce condiții trebuie demonstrate și ce riscuri pot opri depunerea. Dacă proiectul continuă, corelăm cererea de finanțare cu anexele și documentația tehnică.","Verificare prudentă, documentată și interdisciplinară — consultanță și proiectare — înainte de dosar. Analizăm proiectul înainte de pregătirea dosarului: forma solicitantului, activitatea sau exploatația, amplasamentul, investiția, bugetul și documentele. Stabilim ce program poate fi potrivit, ce condiții trebuie demonstrate și ce riscuri pot opri depunerea. Dacă proiectul continuă, corelăm cererea de finanțare cu anexele și documentația tehnică.","Poziționare centrală FABER"
"/dr14","dr14/index.html","visible-copy","Concluzia se poate schimba după verificarea actelor solicitantului, evidențelor APIA/ANSVSA, documentelor amplasamentului, calculului SO, istoricului exploatației, ofertelor și sursei de cofinanțare. Documentele trebuie să susțină aceleași suprafețe, efective, activități și investiții folosite în cererea de finanțare. Pentru utilaje se verifică și proporționalitatea tehnică, iar pentru punctaj se păstrează documentele care probează fiecare criteriu selectat.","Concluzia se poate schimba după verificarea actelor solicitantului, evidențelor APIA/ANSVSA, documentelor amplasamentului, calculului SO, istoricului exploatației, ofertelor și sursei de contribuție proprie. Documentele trebuie să susțină aceleași suprafețe, efective, activități și investiții folosite în cererea de finanțare. Pentru utilaje se verifică și proporționalitatea tehnică, iar pentru punctaj se păstrează documentele care probează fiecare criteriu selectat.","Lexic controlat P0.14"
"/dr14","dr14/index.html","visible-copy","Un proiect cu un singur tractor poate fi eligibil dacă necesitatea, puterea, costul și legătura cu exploatația sunt documentate. Dovada sursei de cofinanțare se prezintă la etapa de contractare, în termenul cerut de AFIR.","Un proiect cu un singur tractor poate fi eligibil dacă necesitatea, puterea, costul și legătura cu exploatația sunt documentate. Dovada sursei de contribuție proprie se prezintă la etapa de contractare, în termenul cerut de AFIR.","Lexic controlat P0.14"
"/dr14","dr14/index.html","visible-copy","Când trebuie dovedită cofinanțarea?","Când trebuie dovedită contribuția proprie?","Lexic controlat P0.14"
"/dr14","dr14/index.html","visible-copy","Sursa cofinanțării se dovedește la contractare, în termenul și prin documentele solicitate de AFIR. La depunere, bugetul și declarațiile trebuie totuși să trateze realist partea proprie și costurile neeligibile.","Sursa contribuției proprii se dovedește la contractare, în termenul și prin documentele solicitate de AFIR. La depunere, bugetul și declarațiile trebuie totuși să trateze realist partea proprie și costurile neeligibile.","Lexic controlat P0.14"
"/dr14","dr14/index.html","visible-copy","Verifică eligibilitatea DR 14","Cere o verificare inițială DR 14","Lexic controlat P0.14"
"/dr14","dr14/index.html","json-ld:$.@graph[6].mainEntity[7].acceptedAnswer.text","Sursa cofinanțării se dovedește la contractare, în termenul și prin documentele solicitate de AFIR. La depunere, bugetul și declarațiile trebuie totuși să trateze realist partea proprie și costurile neeligibile.","Sursa contribuției proprii se dovedește la contractare, în termenul și prin documentele solicitate de AFIR. La depunere, bugetul și declarațiile trebuie totuși să trateze realist partea proprie și costurile neeligibile.","Lexic controlat P0.14"
"/dr14","dr14/index.html","json-ld:$.@graph[6].mainEntity[7].name","Când trebuie dovedită cofinanțarea?","Când trebuie dovedită contribuția proprie?","Lexic controlat P0.14"
"/dr12-afir","dr12-afir/index.html","visible-copy","Amplasament, lucrări sau dotări, buget și capacitatea de cofinanțare.","Amplasament, lucrări sau dotări, buget și capacitatea de contribuție proprie.","Lexic controlat P0.14"
