"input URL","redirect chain","final URL","final status","in_sitemap","canonical","meta robots","title","H1","verdict"
"https://atelierdeconsultanta.ro/consultanta-start-up-nation-2026/","https://atelierdeconsultanta.ro/consultanta-start-up-nation-2026/ -> https://atelierdeconsultanta.ro/consultanta-start-up-nation-2026 [301] | https://atelierdeconsultanta.ro/consultanta-start-up-nation-2026 [200]","https://atelierdeconsultanta.ro/consultanta-start-up-nation-2026","200","yes","https://atelierdeconsultanta.ro/consultanta-start-up-nation-2026","index, follow","Consultanță Start Up Nation 2026 - verificare și dosar","Consultanță Start Up Nation 2026: verificare, dosar și depunere","PASS_REDIRECT_TO_CANONICAL"
"https://atelierdeconsultanta.ro/firma-consultanta-fonduri-europene/","https://atelierdeconsultanta.ro/firma-consultanta-fonduri-europene/ -> https://atelierdeconsultanta.ro/firma-consultanta-fonduri-europene [301] | https://atelierdeconsultanta.ro/firma-consultanta-fonduri-europene [200]","https://atelierdeconsultanta.ro/firma-consultanta-fonduri-europene","200","yes","https://atelierdeconsultanta.ro/firma-consultanta-fonduri-europene","index, follow","Firmă consultanță fonduri europene - criterii și servicii","Firmă de consultanță pentru fonduri europene","PASS_REDIRECT_TO_CANONICAL"
"https://atelierdeconsultanta.ro/consultanta-start-up-nation/","https://atelierdeconsultanta.ro/consultanta-start-up-nation/ -> https://atelierdeconsultanta.ro/consultanta-start-up-nation-2026 [301] | https://atelierdeconsultanta.ro/consultanta-start-up-nation-2026 [200]","https://atelierdeconsultanta.ro/consultanta-start-up-nation-2026","200","yes","https://atelierdeconsultanta.ro/consultanta-start-up-nation-2026","index, follow","Consultanță Start Up Nation 2026 - verificare și dosar","Consultanță Start Up Nation 2026: verificare, dosar și depunere","PASS_REDIRECT_TO_CANONICAL"
"https://atelierdeconsultanta.ro/fonduri-europene-imm/","https://atelierdeconsultanta.ro/fonduri-europene-imm/ -> https://atelierdeconsultanta.ro/fonduri-europene-imm [301] | https://atelierdeconsultanta.ro/fonduri-europene-imm [200]","https://atelierdeconsultanta.ro/fonduri-europene-imm","200","yes","https://atelierdeconsultanta.ro/fonduri-europene-imm","index, follow","Fonduri europene pentru IMM-uri - investiții, digitalizare, energie","Fonduri europene pentru IMM-uri","PASS_REDIRECT_TO_CANONICAL"
"https://atelierdeconsultanta.ro/blog-afir-fotovoltaice-ferme-2026.html","https://atelierdeconsultanta.ro/blog-afir-fotovoltaice-ferme-2026.html -> https://atelierdeconsultanta.ro/blog-afir-fotovoltaice-ferme-2026 [301] | https://atelierdeconsultanta.ro/blog-afir-fotovoltaice-ferme-2026 [200]","https://atelierdeconsultanta.ro/blog-afir-fotovoltaice-ferme-2026","200","yes","https://atelierdeconsultanta.ro/blog-afir-fotovoltaice-ferme-2026","index, follow","AFIR Fotovoltaice Ferme 2026 - verificare prudentă | FABER","AFIR Fotovoltaice Ferme 2026 - ghid prudent pentru verificare și pregătire","PASS_REDIRECT_TO_CANONICAL"
"https://atelierdeconsultanta.ro/fonduri-europene/","https://atelierdeconsultanta.ro/fonduri-europene/ -> https://atelierdeconsultanta.ro/fonduri-europene [301] | https://atelierdeconsultanta.ro/fonduri-europene [200]","https://atelierdeconsultanta.ro/fonduri-europene","200","yes","https://atelierdeconsultanta.ro/fonduri-europene","index, follow","Fonduri europene în Romania - programe, eligibilitate și ghiduri","Fonduri europene în Romania","PASS_REDIRECT_TO_CANONICAL"
"http://atelierdeconsultanta.ro/politica-de-confidentialitate.html","http://atelierdeconsultanta.ro/politica-de-confidentialitate.html -> https://atelierdeconsultanta.ro/politica-de-confidentialitate.html [301] | https://atelierdeconsultanta.ro/politica-de-confidentialitate.html -> https://atelierdeconsultanta.ro/politica-de-confidentialitate [301] | https://atelierdeconsultanta.ro/politica-de-confidentialitate [200]","https://atelierdeconsultanta.ro/politica-de-confidentialitate","200","yes","https://atelierdeconsultanta.ro/politica-de-confidentialitate","index, follow","Politica de Confidențialitate | FABER","Politica de Confidențialitate","PASS_REDIRECT_TO_CANONICAL"
"https://atelierdeconsultanta.ro/dr12-vs-dr14","https://atelierdeconsultanta.ro/dr12-vs-dr14 [200]","https://atelierdeconsultanta.ro/dr12-vs-dr14","200","yes","https://atelierdeconsultanta.ro/dr12-vs-dr14","index, follow; index, follow","DR12 vs DR14 AFIR - ce program alegi | FABER","DR12 sau DR14: ce program AFIR se potrivește mai bine fermei tale?","PASS_CANONICAL_200"
"https://atelierdeconsultanta.ro/dr14-afir-ferme-mici","https://atelierdeconsultanta.ro/dr14-afir-ferme-mici [200]","https://atelierdeconsultanta.ro/dr14-afir-ferme-mici","200","yes","https://atelierdeconsultanta.ro/dr14-afir-ferme-mici","index, follow; index, follow","DR14 AFIR ferme mici - condiții, documente și pregătirea dosarului","DR14 AFIR pentru ferme mici: eligibilitate, documente și pregătire","PASS_CANONICAL_200"
"https://atelierdeconsultanta.ro/afir","https://atelierdeconsultanta.ro/afir [200]","https://atelierdeconsultanta.ro/afir","200","yes","https://atelierdeconsultanta.ro/afir","index, follow; index, follow","AFIR - fonduri pentru fermieri, DR12, DR14 și energie","AFIR: fonduri pentru fermieri și proiecte agricole","PASS_CANONICAL_200"
"https://atelierdeconsultanta.ro/ghiduri","https://atelierdeconsultanta.ro/ghiduri [200]","https://atelierdeconsultanta.ro/ghiduri","200","yes","https://atelierdeconsultanta.ro/ghiduri","index, follow; index, follow","Ghiduri fonduri europene - documente, checklisturi și resurse","Ghiduri pentru fonduri europene","PASS_CANONICAL_200"
"https://atelierdeconsultanta.ro/fonduri-nerambursabile","https://atelierdeconsultanta.ro/fonduri-nerambursabile [200]","https://atelierdeconsultanta.ro/fonduri-nerambursabile","200","yes","https://atelierdeconsultanta.ro/fonduri-nerambursabile","index, follow; index, follow","Fonduri nerambursabile - programe, cofinanțare și pasi","Fonduri nerambursabile","PASS_CANONICAL_200"
"https://atelierdeconsultanta.ro/blog?post=blog-1","https://atelierdeconsultanta.ro/blog?post=blog-1 [200]","https://atelierdeconsultanta.ro/blog?post=blog-1","200","no","https://atelierdeconsultanta.ro/blog","index, follow","","Blog despre fonduri europene, finanțări nerambursabile și programe pentru antreprenori","PASS_ALTERNATE_CANONICAL"
"http://atelierdeconsultanta.ro/","http://atelierdeconsultanta.ro/ -> https://atelierdeconsultanta.ro/ [301] | https://atelierdeconsultanta.ro/ [200]","https://atelierdeconsultanta.ro/","200","yes","https://atelierdeconsultanta.ro/","index, follow","FABER | Consultanță fonduri europene și finanțări nerambursabile","Consultanță Fonduri Europene și Finanțări Nerambursabile","PASS_REDIRECT_TO_CANONICAL"
"https://atelierdeconsultanta.ro/intrebari/ce-documente-sunt-necesare-pentru-afir/","https://atelierdeconsultanta.ro/intrebari/ce-documente-sunt-necesare-pentru-afir/ -> https://atelierdeconsultanta.ro/afir [301] | https://atelierdeconsultanta.ro/afir [200]","https://atelierdeconsultanta.ro/afir","200","yes","https://atelierdeconsultanta.ro/afir","index, follow; index, follow","AFIR - fonduri pentru fermieri, DR12, DR14 și energie","AFIR: fonduri pentru fermieri și proiecte agricole","PASS_REDIRECT_TO_CANONICAL"
"https://atelierdeconsultanta.ro/intrebari/cum-se-calculeaza-cofinantarea-la-fonduri-europene/","https://atelierdeconsultanta.ro/intrebari/cum-se-calculeaza-cofinantarea-la-fonduri-europene/ -> https://atelierdeconsultanta.ro/intrebari/cum-se-calculeaza-cofinantarea-la-fonduri-europene [301] | https://atelierdeconsultanta.ro/intrebari/cum-se-calculeaza-cofinantarea-la-fonduri-europene [200]","https://atelierdeconsultanta.ro/intrebari/cum-se-calculeaza-cofinantarea-la-fonduri-europene","200","no","https://atelierdeconsultanta.ro/intrebari/cum-se-calculeaza-cofinantarea-la-fonduri-europene","index, follow","Cum se calculeaza cofinanțarea la fonduri europene?","Cum se calculeaza cofinanțarea la fonduri europene?","PASS_REDIRECT_TO_CANONICAL"
"https://atelierdeconsultanta.ro/fonduri-europene-caen/4321-instalatii-electrice/","https://atelierdeconsultanta.ro/fonduri-europene-caen/4321-instalatii-electrice/ -> https://atelierdeconsultanta.ro/fonduri-europene-caen/4321-instalatii-electrice [301] | https://atelierdeconsultanta.ro/fonduri-europene-caen/4321-instalatii-electrice [200]","https://atelierdeconsultanta.ro/fonduri-europene-caen/4321-instalatii-electrice","200","no","https://atelierdeconsultanta.ro/fonduri-europene-caen/4321-instalatii-electrice","index, follow","Fonduri europene pentru CAEN 4321 - instalații electrice","Fonduri europene pentru CAEN 4321 - instalații electrice","PASS_REDIRECT_TO_CANONICAL"
"https://atelierdeconsultanta.ro/intrebari/ce-cheltuieli-sunt-eligibile-la-digitalizare-imm/","https://atelierdeconsultanta.ro/intrebari/ce-cheltuieli-sunt-eligibile-la-digitalizare-imm/ -> https://atelierdeconsultanta.ro/intrebari/ce-cheltuieli-sunt-eligibile-la-digitalizare-imm [301] | https://atelierdeconsultanta.ro/intrebari/ce-cheltuieli-sunt-eligibile-la-digitalizare-imm [200]","https://atelierdeconsultanta.ro/intrebari/ce-cheltuieli-sunt-eligibile-la-digitalizare-imm","200","no","https://atelierdeconsultanta.ro/intrebari/ce-cheltuieli-sunt-eligibile-la-digitalizare-imm","index, follow","Ce cheltuieli sunt eligibile la Digitalizare IMM?","Ce cheltuieli sunt eligibile la Digitalizare IMM?","PASS_REDIRECT_TO_CANONICAL"
"https://atelierdeconsultanta.ro/fonduri-europene-caen/5610-restaurante/","https://atelierdeconsultanta.ro/fonduri-europene-caen/5610-restaurante/ -> https://atelierdeconsultanta.ro/fonduri-europene-caen/5610-restaurante [301] | https://atelierdeconsultanta.ro/fonduri-europene-caen/5610-restaurante [200]","https://atelierdeconsultanta.ro/fonduri-europene-caen/5610-restaurante","200","no","https://atelierdeconsultanta.ro/fonduri-europene-caen/5610-restaurante","index, follow","Fonduri europene pentru CAEN 5610 - restaurante și servicii alimentare","Fonduri europene pentru CAEN 5610 - restaurante și servicii alimentare","PASS_REDIRECT_TO_CANONICAL"
"https://atelierdeconsultanta.ro/fonduri-europene-caen/6201-dezvoltare-software/","https://atelierdeconsultanta.ro/fonduri-europene-caen/6201-dezvoltare-software/ -> https://atelierdeconsultanta.ro/fonduri-europene-caen/6201-dezvoltare-software [301] | https://atelierdeconsultanta.ro/fonduri-europene-caen/6201-dezvoltare-software [200]","https://atelierdeconsultanta.ro/fonduri-europene-caen/6201-dezvoltare-software","200","no","https://atelierdeconsultanta.ro/fonduri-europene-caen/6201-dezvoltare-software","index, follow","Fonduri europene pentru CAEN 6201 - dezvoltare software","Fonduri europene pentru CAEN 6201 - dezvoltare software","PASS_REDIRECT_TO_CANONICAL"
"https://atelierdeconsultanta.ro/fonduri-europene-caen/0111-culturi-cereale/","https://atelierdeconsultanta.ro/fonduri-europene-caen/0111-culturi-cereale/ -> https://atelierdeconsultanta.ro/fonduri-europene-caen/0111-culturi-cereale [301] | https://atelierdeconsultanta.ro/fonduri-europene-caen/0111-culturi-cereale [200]","https://atelierdeconsultanta.ro/fonduri-europene-caen/0111-culturi-cereale","200","no","https://atelierdeconsultanta.ro/fonduri-europene-caen/0111-culturi-cereale","index, follow","Fonduri europene pentru CAEN 0111 - culturi de cereale","Fonduri europene pentru CAEN 0111 - culturi de cereale","PASS_REDIRECT_TO_CANONICAL"
