"source_export","date_filter","date_start","date_end","query","clicks","impressions","ctr_percent","position"
"atelierdeconsultanta.ro-Performance-on-Search-2026-07-12.zip","Last 3 months","2026-04-11","2026-07-10","calcul so afir 2026","9","219","4.11","6.96"
"atelierdeconsultanta.ro-Performance-on-Search-2026-07-12.zip","Last 3 months","2026-04-11","2026-07-10","calculator so","7","177","3.95","7.14"
"atelierdeconsultanta.ro-Performance-on-Search-2026-07-12.zip","Last 3 months","2026-04-11","2026-07-10","femeia antreprenor 2026","9","162","5.56","11.39"
"atelierdeconsultanta.ro-Performance-on-Search-2026-07-12.zip","Last 3 months","2026-04-11","2026-07-10","dr 12 afir lansare","8","143","5.59","7.5"
"atelierdeconsultanta.ro-Performance-on-Search-2026-07-12.zip","Last 3 months","2026-04-11","2026-07-10","femeia antreprenor 2026 inscriere","0","131","0","9.08"
"atelierdeconsultanta.ro-Performance-on-Search-2026-07-12.zip","Last 3 months","2026-04-11","2026-07-10","calculator so afir","1","88","1.14","8.42"
"atelierdeconsultanta.ro-Performance-on-Search-2026-07-12.zip","Last 3 months","2026-04-11","2026-07-10","femeia antreprenor 2026 eligibilitate","4","79","5.06","6.77"
"atelierdeconsultanta.ro-Performance-on-Search-2026-07-12.zip","Last 3 months","2026-04-11","2026-07-10","calculator so animale","1","77","1.3","7.29"
"atelierdeconsultanta.ro-Performance-on-Search-2026-07-12.zip","Last 3 months","2026-04-11","2026-07-10","programul femeia antreprenor 2026","0","58","0","10.9"
"atelierdeconsultanta.ro-Performance-on-Search-2026-07-12.zip","Last 3 months","2026-04-11","2026-07-10","calcul so","0","52","0","8.58"
"atelierdeconsultanta.ro-Performance-on-Search-2026-07-12.zip","Last 3 months","2026-04-11","2026-07-10","calculator so vegetal 2026","2","52","3.85","6.56"
"atelierdeconsultanta.ro-Performance-on-Search-2026-07-12.zip","Last 3 months","2026-04-11","2026-07-10","cand incepe programul femeia antreprenor 2026","0","50","0","9.54"
"atelierdeconsultanta.ro-Performance-on-Search-2026-07-12.zip","Last 3 months","2026-04-11","2026-07-10","femeia antreprenor 2026 conditii","1","46","2.17","9.37"
"atelierdeconsultanta.ro-Performance-on-Search-2026-07-12.zip","Last 3 months","2026-04-11","2026-07-10","calculator so vegetal","0","39","0","8.26"
"atelierdeconsultanta.ro-Performance-on-Search-2026-07-12.zip","Last 3 months","2026-04-11","2026-07-10","fonduri europene nerambursabile 2026 pentru femei","2","38","5.26","9.26"
"atelierdeconsultanta.ro-Performance-on-Search-2026-07-12.zip","Last 3 months","2026-04-11","2026-07-10","calcul so afir","0","37","0","9.46"
"atelierdeconsultanta.ro-Performance-on-Search-2026-07-12.zip","Last 3 months","2026-04-11","2026-07-10","gal afir","0","36","0","8.06"
"atelierdeconsultanta.ro-Performance-on-Search-2026-07-12.zip","Last 3 months","2026-04-11","2026-07-10","so afir","0","32","0","9.03"
"atelierdeconsultanta.ro-Performance-on-Search-2026-07-12.zip","Last 3 months","2026-04-11","2026-07-10","galafir.ro","0","30","0","6.07"
"atelierdeconsultanta.ro-Performance-on-Search-2026-07-12.zip","Last 3 months","2026-04-11","2026-07-10","dr14 afir 2026","1","29","3.45","9"
"atelierdeconsultanta.ro-Performance-on-Search-2026-07-12.zip","Last 3 months","2026-04-11","2026-07-10","adr nord est microintreprinderi","1","28","3.57","8.86"
"atelierdeconsultanta.ro-Performance-on-Search-2026-07-12.zip","Last 3 months","2026-04-11","2026-07-10","dr 12 ghid final","0","25","0","7.68"
"atelierdeconsultanta.ro-Performance-on-Search-2026-07-12.zip","Last 3 months","2026-04-11","2026-07-10","efarmaser","0","25","0","7.52"
"atelierdeconsultanta.ro-Performance-on-Search-2026-07-12.zip","Last 3 months","2026-04-11","2026-07-10","femeia antreprenor 2026 conditii varsta","0","25","0","8.88"
"atelierdeconsultanta.ro-Performance-on-Search-2026-07-12.zip","Last 3 months","2026-04-11","2026-07-10","ce inseamna nerambursabil","0","24","0","11.62"
"atelierdeconsultanta.ro-Performance-on-Search-2026-07-12.zip","Last 3 months","2026-04-11","2026-07-10","calcul so 2026","1","23","4.35","6.78"
"atelierdeconsultanta.ro-Performance-on-Search-2026-07-12.zip","Last 3 months","2026-04-11","2026-07-10","calendar fonduri europene 2026","0","22","0","10"
"atelierdeconsultanta.ro-Performance-on-Search-2026-07-12.zip","Last 3 months","2026-04-11","2026-07-10","fonduri europene femeia antreprenor 2026","0","22","0","9.82"
"atelierdeconsultanta.ro-Performance-on-Search-2026-07-12.zip","Last 3 months","2026-04-11","2026-07-10","gal.afir","0","22","0","6.77"
"atelierdeconsultanta.ro-Performance-on-Search-2026-07-12.zip","Last 3 months","2026-04-11","2026-07-10","fonduri femeia antreprenor 2026","0","21","0","10.29"
"atelierdeconsultanta.ro-Performance-on-Search-2026-07-12.zip","Last 3 months","2026-04-11","2026-07-10","dr12 afir","1","18","5.56","8.89"
"atelierdeconsultanta.ro-Performance-on-Search-2026-07-12.zip","Last 3 months","2026-04-11","2026-07-10","pro infra","2","18","11.11","9.78"
"atelierdeconsultanta.ro-Performance-on-Search-2026-07-12.zip","Last 3 months","2026-04-11","2026-07-10","acte necesare pentru tanarul fermier","0","17","0","8.76"
"atelierdeconsultanta.ro-Performance-on-Search-2026-07-12.zip","Last 3 months","2026-04-11","2026-07-10","afir dr 12","0","16","0","9.38"
"atelierdeconsultanta.ro-Performance-on-Search-2026-07-12.zip","Last 3 months","2026-04-11","2026-07-10","program femeia antreprenor 2026","0","16","0","10.88"
"atelierdeconsultanta.ro-Performance-on-Search-2026-07-12.zip","Last 3 months","2026-04-11","2026-07-10","dr 14 afir","0","14","0","10.86"
"atelierdeconsultanta.ro-Performance-on-Search-2026-07-12.zip","Last 3 months","2026-04-11","2026-07-10","fondul de modernizare 2026","1","13","7.69","8.92"
"atelierdeconsultanta.ro-Performance-on-Search-2026-07-12.zip","Last 3 months","2026-04-11","2026-07-10","conditii femeia antreprenor 2026","0","12","0","9.08"
"atelierdeconsultanta.ro-Performance-on-Search-2026-07-12.zip","Last 3 months","2026-04-11","2026-07-10","dr 12 afir ghid","0","11","0","9.45"
"atelierdeconsultanta.ro-Performance-on-Search-2026-07-12.zip","Last 3 months","2026-04-11","2026-07-10","afir dimensiunea economica so formula suprafata coeficient so","0","10","0","7.3"
"atelierdeconsultanta.ro-Performance-on-Search-2026-07-12.zip","Last 3 months","2026-04-11","2026-07-10","digitalizare imm 2026","0","10","0","9.7"
"atelierdeconsultanta.ro-Performance-on-Search-2026-07-12.zip","Last 3 months","2026-04-11","2026-07-10","dr 14 afir 2026","1","10","10","6.9"
"atelierdeconsultanta.ro-Performance-on-Search-2026-07-12.zip","Last 3 months","2026-04-11","2026-07-10","dr 14 conditii","0","10","0","10.5"
"atelierdeconsultanta.ro-Performance-on-Search-2026-07-12.zip","Last 3 months","2026-04-11","2026-07-10","fondul pentru modernizare 2026","0","10","0","9.6"
"atelierdeconsultanta.ro-Performance-on-Search-2026-07-12.zip","Last 3 months","2026-04-11","2026-07-10","ghidul solicitantului dr 12","0","9","0","9"
"atelierdeconsultanta.ro-Performance-on-Search-2026-07-12.zip","Last 3 months","2026-04-11","2026-07-10","dr 12 lansare","0","8","0","9.75"
"atelierdeconsultanta.ro-Performance-on-Search-2026-07-12.zip","Last 3 months","2026-04-11","2026-07-10","ghid femeia antreprenor 2026","0","8","0","9.5"
"atelierdeconsultanta.ro-Performance-on-Search-2026-07-12.zip","Last 3 months","2026-04-11","2026-07-10","ghidul solicitantului dr 14","1","8","12.5","11.12"
"atelierdeconsultanta.ro-Performance-on-Search-2026-07-12.zip","Last 3 months","2026-04-11","2026-07-10","investitii pentru modernizarea microintreprinderilor - apel 2","0","8","0","10.75"
"atelierdeconsultanta.ro-Performance-on-Search-2026-07-12.zip","Last 3 months","2026-04-11","2026-07-10","nerambursabil ce inseamna","0","8","0","10.25"
"atelierdeconsultanta.ro-Performance-on-Search-2026-07-12.zip","Last 3 months","2026-04-11","2026-07-10","afir calcul so","0","7","0","9.29"
"atelierdeconsultanta.ro-Performance-on-Search-2026-07-12.zip","Last 3 months","2026-04-11","2026-07-10","dr12","1","7","14.29","7.14"
"atelierdeconsultanta.ro-Performance-on-Search-2026-07-12.zip","Last 3 months","2026-04-11","2026-07-10","femeia antreprenor 2026 depunere","0","7","0","10"
"atelierdeconsultanta.ro-Performance-on-Search-2026-07-12.zip","Last 3 months","2026-04-11","2026-07-10","afir so","0","6","0","8.33"
"atelierdeconsultanta.ro-Performance-on-Search-2026-07-12.zip","Last 3 months","2026-04-11","2026-07-10","femeie antreprenor 2026","1","6","16.67","10.33"
"atelierdeconsultanta.ro-Performance-on-Search-2026-07-12.zip","Last 3 months","2026-04-11","2026-07-10","proinfra 2026","0","6","0","8.5"
"atelierdeconsultanta.ro-Performance-on-Search-2026-07-12.zip","Last 3 months","2026-04-11","2026-07-10","so 2026","0","5","0","7.4"
"atelierdeconsultanta.ro-Performance-on-Search-2026-07-12.zip","Last 3 months","2026-04-11","2026-07-10","startup nation","0","5","0","6.8"
"atelierdeconsultanta.ro-Performance-on-Search-2026-07-12.zip","Last 3 months","2026-04-11","2026-07-10","e move ghid","1","4","25","10"
"atelierdeconsultanta.ro-Performance-on-Search-2026-07-12.zip","Last 3 months","2026-04-11","2026-07-10","femei antreprenor 2026","0","4","0","9.75"
"atelierdeconsultanta.ro-Performance-on-Search-2026-07-12.zip","Last 3 months","2026-04-11","2026-07-10","fonduri europene energie regenerabila 2026","0","4","0","9.25"
"atelierdeconsultanta.ro-Performance-on-Search-2026-07-12.zip","Last 3 months","2026-04-11","2026-07-10","ghid dr 12 afir","0","4","0","8.25"
"atelierdeconsultanta.ro-Performance-on-Search-2026-07-12.zip","Last 3 months","2026-04-11","2026-07-10","programul femeia antreprenor 2026 romania","0","4","0","8.5"
"atelierdeconsultanta.ro-Performance-on-Search-2026-07-12.zip","Last 3 months","2026-04-11","2026-07-10","afir gal","0","3","0","7.67"
"atelierdeconsultanta.ro-Performance-on-Search-2026-07-12.zip","Last 3 months","2026-04-11","2026-07-10","atelier","0","3","0","7.67"
"atelierdeconsultanta.ro-Performance-on-Search-2026-07-12.zip","Last 3 months","2026-04-11","2026-07-10","calcul so 2020","0","3","0","10"
"atelierdeconsultanta.ro-Performance-on-Search-2026-07-12.zip","Last 3 months","2026-04-11","2026-07-10","ce înseamnă nerambursabil","0","3","0","10.67"
"atelierdeconsultanta.ro-Performance-on-Search-2026-07-12.zip","Last 3 months","2026-04-11","2026-07-10","dr 12 ghid","0","3","0","9.33"
"atelierdeconsultanta.ro-Performance-on-Search-2026-07-12.zip","Last 3 months","2026-04-11","2026-07-10","dr 12 ghid consultativ","0","3","0","7.67"
"atelierdeconsultanta.ro-Performance-on-Search-2026-07-12.zip","Last 3 months","2026-04-11","2026-07-10","dr14 2026","0","3","0","7"
"atelierdeconsultanta.ro-Performance-on-Search-2026-07-12.zip","Last 3 months","2026-04-11","2026-07-10","proiect femeia antreprenor 2026","0","3","0","10"
"atelierdeconsultanta.ro-Performance-on-Search-2026-07-12.zip","Last 3 months","2026-04-11","2026-07-10","romania coeficient so grau 614 euro pe hectar standard output","0","3","0","10"
"atelierdeconsultanta.ro-Performance-on-Search-2026-07-12.zip","Last 3 months","2026-04-11","2026-07-10","unde să verifici eligibilitatea pentru schimbul dispozitivului tău?","0","3","0","7.33"
"atelierdeconsultanta.ro-Performance-on-Search-2026-07-12.zip","Last 3 months","2026-04-11","2026-07-10","afir dr 12 ghid","0","2","0","10"
"atelierdeconsultanta.ro-Performance-on-Search-2026-07-12.zip","Last 3 months","2026-04-11","2026-07-10","afir dr12","0","2","0","9.5"
"atelierdeconsultanta.ro-Performance-on-Search-2026-07-12.zip","Last 3 months","2026-04-11","2026-07-10","conditii start up nation 2026","0","2","0","7.5"
"atelierdeconsultanta.ro-Performance-on-Search-2026-07-12.zip","Last 3 months","2026-04-11","2026-07-10","dr 12 punctaj","0","2","0","9"
"atelierdeconsultanta.ro-Performance-on-Search-2026-07-12.zip","Last 3 months","2026-04-11","2026-07-10","dr12 ghid","0","2","0","11"
"atelierdeconsultanta.ro-Performance-on-Search-2026-07-12.zip","Last 3 months","2026-04-11","2026-07-10","femeia antreprenor 2026 cand incepe","0","2","0","9.5"
"atelierdeconsultanta.ro-Performance-on-Search-2026-07-12.zip","Last 3 months","2026-04-11","2026-07-10","femeia antreprenor 2026 ghid","0","2","0","12"
"atelierdeconsultanta.ro-Performance-on-Search-2026-07-12.zip","Last 3 months","2026-04-11","2026-07-10","finantare femeia antreprenor 2026","0","2","0","10.5"
"atelierdeconsultanta.ro-Performance-on-Search-2026-07-12.zip","Last 3 months","2026-04-11","2026-07-10","gal afir ro","0","2","0","6"
"atelierdeconsultanta.ro-Performance-on-Search-2026-07-12.zip","Last 3 months","2026-04-11","2026-07-10","ghid consultativ dr 12","0","2","0","7.5"
"atelierdeconsultanta.ro-Performance-on-Search-2026-07-12.zip","Last 3 months","2026-04-11","2026-07-10","ghid dr 12","0","2","0","9.5"
"atelierdeconsultanta.ro-Performance-on-Search-2026-07-12.zip","Last 3 months","2026-04-11","2026-07-10","start up nation 2026 coduri caen","0","2","0","10"
"atelierdeconsultanta.ro-Performance-on-Search-2026-07-12.zip","Last 3 months","2026-04-11","2026-07-10","tabel so","0","2","0","9.5"
"atelierdeconsultanta.ro-Performance-on-Search-2026-07-12.zip","Last 3 months","2026-04-11","2026-07-10","afir dr14","0","1","0","11"
"atelierdeconsultanta.ro-Performance-on-Search-2026-07-12.zip","Last 3 months","2026-04-11","2026-07-10","aifdr","0","1","0","9"
"atelierdeconsultanta.ro-Performance-on-Search-2026-07-12.zip","Last 3 months","2026-04-11","2026-07-10","antreprenori","0","1","0","11"
"atelierdeconsultanta.ro-Performance-on-Search-2026-07-12.zip","Last 3 months","2026-04-11","2026-07-10","apel 2","0","1","0","10"
"atelierdeconsultanta.ro-Performance-on-Search-2026-07-12.zip","Last 3 months","2026-04-11","2026-07-10","ce inseamna cofinantare","0","1","0","12"
"atelierdeconsultanta.ro-Performance-on-Search-2026-07-12.zip","Last 3 months","2026-04-11","2026-07-10","coduri caen eligibile start up nation 2026","0","1","0","9"
"atelierdeconsultanta.ro-Performance-on-Search-2026-07-12.zip","Last 3 months","2026-04-11","2026-07-10","coduri caen start up nation 2026","0","1","0","10"
"atelierdeconsultanta.ro-Performance-on-Search-2026-07-12.zip","Last 3 months","2026-04-11","2026-07-10","fonduri europene romania 2026 programe disponibile","0","1","0","11"
"atelierdeconsultanta.ro-Performance-on-Search-2026-07-12.zip","Last 3 months","2026-04-11","2026-07-10","ghid dr 14 afir 2026","0","1","0","9"
"atelierdeconsultanta.ro-Performance-on-Search-2026-07-12.zip","Last 3 months","2026-04-11","2026-07-10","ghid dr12","0","1","0","9"
"atelierdeconsultanta.ro-Performance-on-Search-2026-07-12.zip","Last 3 months","2026-04-11","2026-07-10","ghid dr14","0","1","0","9"
"atelierdeconsultanta.ro-Performance-on-Search-2026-07-12.zip","Last 3 months","2026-04-11","2026-07-10","ghid e move","0","1","0","10"
"atelierdeconsultanta.ro-Performance-on-Search-2026-07-12.zip","Last 3 months","2026-04-11","2026-07-10","plan de afaceri start up nation","0","1","0","6"
"atelierdeconsultanta.ro-Performance-on-Search-2026-07-12.zip","Last 3 months","2026-04-11","2026-07-10","pro infr","0","1","0","7"
"atelierdeconsultanta.ro-Performance-on-Search-2026-07-12.zip","Last 3 months","2026-04-11","2026-07-10","program femeia antreprenor 2026 romania conditii","0","1","0","6"
"atelierdeconsultanta.ro-Performance-on-Search-2026-07-12.zip","Last 3 months","2026-04-11","2026-07-10","program femeia antreprenor romania 2026 conditii","0","1","0","11"
"atelierdeconsultanta.ro-Performance-on-Search-2026-07-12.zip","Last 3 months","2026-04-11","2026-07-10","programul start up nation 2026","0","1","0","10"
"atelierdeconsultanta.ro-Performance-on-Search-2026-07-12.zip","Last 3 months","2026-04-11","2026-07-10","romania coeficienți standard output so culturi în câmp pe hectar tabel oficial","0","1","0","9"
"atelierdeconsultanta.ro-Performance-on-Search-2026-07-12.zip","Last 3 months","2026-04-11","2026-07-10","soc 2026","0","1","0","8"
"atelierdeconsultanta.ro-Performance-on-Search-2026-07-12.zip","Last 3 months","2026-04-11","2026-07-10","standard so","0","1","0","12"
"atelierdeconsultanta.ro-Performance-on-Search-2026-07-12.zip","Last 3 months","2026-04-11","2026-07-10","start up.nation","0","1","0","6"
"atelierdeconsultanta.ro-Performance-on-Search-2026-07-12.zip","Last 3 months","2026-04-11","2026-07-10","start-up nation 2026","0","1","0","7"
"atelierdeconsultanta.ro-Performance-on-Search-2026-07-12 (1).zip","Last 28 days","2026-06-13","2026-07-10","femeia antreprenor 2026","4","103","3.88","9.69"
"atelierdeconsultanta.ro-Performance-on-Search-2026-07-12 (1).zip","Last 28 days","2026-06-13","2026-07-10","dr 12 afir lansare","1","79","1.27","7.67"
"atelierdeconsultanta.ro-Performance-on-Search-2026-07-12 (1).zip","Last 28 days","2026-06-13","2026-07-10","femeia antreprenor 2026 inscriere","0","41","0","9.07"
"atelierdeconsultanta.ro-Performance-on-Search-2026-07-12 (1).zip","Last 28 days","2026-06-13","2026-07-10","programul femeia antreprenor 2026","0","37","0","9.92"
"atelierdeconsultanta.ro-Performance-on-Search-2026-07-12 (1).zip","Last 28 days","2026-06-13","2026-07-10","gal afir","0","34","0","7.74"
"atelierdeconsultanta.ro-Performance-on-Search-2026-07-12 (1).zip","Last 28 days","2026-06-13","2026-07-10","cand incepe programul femeia antreprenor 2026","0","24","0","9.67"
"atelierdeconsultanta.ro-Performance-on-Search-2026-07-12 (1).zip","Last 28 days","2026-06-13","2026-07-10","femeia antreprenor 2026 conditii","1","23","4.35","8.87"
"atelierdeconsultanta.ro-Performance-on-Search-2026-07-12 (1).zip","Last 28 days","2026-06-13","2026-07-10","fonduri femeia antreprenor 2026","0","18","0","9.83"
"atelierdeconsultanta.ro-Performance-on-Search-2026-07-12 (1).zip","Last 28 days","2026-06-13","2026-07-10","adr nord est microintreprinderi","0","17","0","8.65"
"atelierdeconsultanta.ro-Performance-on-Search-2026-07-12 (1).zip","Last 28 days","2026-06-13","2026-07-10","dr 12 ghid final","0","16","0","7.19"
"atelierdeconsultanta.ro-Performance-on-Search-2026-07-12 (1).zip","Last 28 days","2026-06-13","2026-07-10","dr12 afir","1","16","6.25","9.12"
"atelierdeconsultanta.ro-Performance-on-Search-2026-07-12 (1).zip","Last 28 days","2026-06-13","2026-07-10","femeia antreprenor 2026 conditii varsta","0","16","0","8.25"
"atelierdeconsultanta.ro-Performance-on-Search-2026-07-12 (1).zip","Last 28 days","2026-06-13","2026-07-10","fonduri europene femeia antreprenor 2026","0","16","0","9.69"
"atelierdeconsultanta.ro-Performance-on-Search-2026-07-12 (1).zip","Last 28 days","2026-06-13","2026-07-10","gal.afir","0","16","0","6.81"
"atelierdeconsultanta.ro-Performance-on-Search-2026-07-12 (1).zip","Last 28 days","2026-06-13","2026-07-10","pro infra","2","16","12.5","9.56"
"atelierdeconsultanta.ro-Performance-on-Search-2026-07-12 (1).zip","Last 28 days","2026-06-13","2026-07-10","afir dr 12","0","15","0","9.33"
"atelierdeconsultanta.ro-Performance-on-Search-2026-07-12 (1).zip","Last 28 days","2026-06-13","2026-07-10","program femeia antreprenor 2026","0","15","0","9.73"
"atelierdeconsultanta.ro-Performance-on-Search-2026-07-12 (1).zip","Last 28 days","2026-06-13","2026-07-10","femeia antreprenor 2026 eligibilitate","0","14","0","6.64"
"atelierdeconsultanta.ro-Performance-on-Search-2026-07-12 (1).zip","Last 28 days","2026-06-13","2026-07-10","calculator so","0","13","0","6"
"atelierdeconsultanta.ro-Performance-on-Search-2026-07-12 (1).zip","Last 28 days","2026-06-13","2026-07-10","calcul so","0","11","0","8.55"
"atelierdeconsultanta.ro-Performance-on-Search-2026-07-12 (1).zip","Last 28 days","2026-06-13","2026-07-10","calculator so afir","0","10","0","8.6"
"atelierdeconsultanta.ro-Performance-on-Search-2026-07-12 (1).zip","Last 28 days","2026-06-13","2026-07-10","calculator so animale","0","9","0","6.89"
"atelierdeconsultanta.ro-Performance-on-Search-2026-07-12 (1).zip","Last 28 days","2026-06-13","2026-07-10","fonduri europene nerambursabile 2026 pentru femei","0","9","0","11.78"
"atelierdeconsultanta.ro-Performance-on-Search-2026-07-12 (1).zip","Last 28 days","2026-06-13","2026-07-10","ghid final dr 12","1","9","11.11","6"
"atelierdeconsultanta.ro-Performance-on-Search-2026-07-12 (1).zip","Last 28 days","2026-06-13","2026-07-10","afir dimensiunea economica so formula suprafata coeficient so","0","8","0","7.62"
"atelierdeconsultanta.ro-Performance-on-Search-2026-07-12 (1).zip","Last 28 days","2026-06-13","2026-07-10","calcul so afir","0","8","0","9.25"
"atelierdeconsultanta.ro-Performance-on-Search-2026-07-12 (1).zip","Last 28 days","2026-06-13","2026-07-10","investitii pentru modernizarea microintreprinderilor - apel 2","0","8","0","10.75"
"atelierdeconsultanta.ro-Performance-on-Search-2026-07-12 (1).zip","Last 28 days","2026-06-13","2026-07-10","so afir","0","8","0","9"
"atelierdeconsultanta.ro-Performance-on-Search-2026-07-12 (1).zip","Last 28 days","2026-06-13","2026-07-10","dr14 afir","0","7","0","10.71"
"atelierdeconsultanta.ro-Performance-on-Search-2026-07-12 (1).zip","Last 28 days","2026-06-13","2026-07-10","ghid femeia antreprenor 2026","0","7","0","8.14"
"atelierdeconsultanta.ro-Performance-on-Search-2026-07-12 (1).zip","Last 28 days","2026-06-13","2026-07-10","calculator so vegetal","0","6","0","6.83"
"atelierdeconsultanta.ro-Performance-on-Search-2026-07-12 (1).zip","Last 28 days","2026-06-13","2026-07-10","dr12","0","6","0","8.17"
"atelierdeconsultanta.ro-Performance-on-Search-2026-07-12 (1).zip","Last 28 days","2026-06-13","2026-07-10","galafir.ro","0","6","0","6.67"
"atelierdeconsultanta.ro-Performance-on-Search-2026-07-12 (1).zip","Last 28 days","2026-06-13","2026-07-10","conditii femeia antreprenor 2026","0","5","0","9.2"
"atelierdeconsultanta.ro-Performance-on-Search-2026-07-12 (1).zip","Last 28 days","2026-06-13","2026-07-10","dr 12 afir ghid","0","5","0","8.8"
"atelierdeconsultanta.ro-Performance-on-Search-2026-07-12 (1).zip","Last 28 days","2026-06-13","2026-07-10","femeie antreprenor 2026","1","5","20","10.4"
"atelierdeconsultanta.ro-Performance-on-Search-2026-07-12 (1).zip","Last 28 days","2026-06-13","2026-07-10","nerambursabil ce inseamna","0","5","0","10.4"
"atelierdeconsultanta.ro-Performance-on-Search-2026-07-12 (1).zip","Last 28 days","2026-06-13","2026-07-10","e move ghid","1","4","25","10"
"atelierdeconsultanta.ro-Performance-on-Search-2026-07-12 (1).zip","Last 28 days","2026-06-13","2026-07-10","programul femeia antreprenor 2026 romania","0","4","0","8.5"
"atelierdeconsultanta.ro-Performance-on-Search-2026-07-12 (1).zip","Last 28 days","2026-06-13","2026-07-10","ce înseamnă nerambursabil","0","3","0","10.67"
"atelierdeconsultanta.ro-Performance-on-Search-2026-07-12 (1).zip","Last 28 days","2026-06-13","2026-07-10","dr 12 ghid consultativ","0","3","0","7.67"
"atelierdeconsultanta.ro-Performance-on-Search-2026-07-12 (1).zip","Last 28 days","2026-06-13","2026-07-10","dr 14 conditii","0","3","0","10"
"atelierdeconsultanta.ro-Performance-on-Search-2026-07-12 (1).zip","Last 28 days","2026-06-13","2026-07-10","dr14 afir 2026","0","3","0","7.33"
"atelierdeconsultanta.ro-Performance-on-Search-2026-07-12 (1).zip","Last 28 days","2026-06-13","2026-07-10","proiect femeia antreprenor 2026","0","3","0","10"
"atelierdeconsultanta.ro-Performance-on-Search-2026-07-12 (1).zip","Last 28 days","2026-06-13","2026-07-10","romania coeficient so grau 614 euro pe hectar standard output","0","3","0","10"
"atelierdeconsultanta.ro-Performance-on-Search-2026-07-12 (1).zip","Last 28 days","2026-06-13","2026-07-10","unde să verifici eligibilitatea pentru schimbul dispozitivului tău?","0","3","0","7.33"
"atelierdeconsultanta.ro-Performance-on-Search-2026-07-12 (1).zip","Last 28 days","2026-06-13","2026-07-10","afir calcul so","0","2","0","9"
"atelierdeconsultanta.ro-Performance-on-Search-2026-07-12 (1).zip","Last 28 days","2026-06-13","2026-07-10","afir gal","0","2","0","8"
"atelierdeconsultanta.ro-Performance-on-Search-2026-07-12 (1).zip","Last 28 days","2026-06-13","2026-07-10","dr 12 ghid","0","2","0","9.5"
"atelierdeconsultanta.ro-Performance-on-Search-2026-07-12 (1).zip","Last 28 days","2026-06-13","2026-07-10","dr 12 lansare","0","2","0","11"
"atelierdeconsultanta.ro-Performance-on-Search-2026-07-12 (1).zip","Last 28 days","2026-06-13","2026-07-10","dr12 ghid","0","2","0","11"
"atelierdeconsultanta.ro-Performance-on-Search-2026-07-12 (1).zip","Last 28 days","2026-06-13","2026-07-10","fondul pentru modernizare 2026","0","2","0","10"
"atelierdeconsultanta.ro-Performance-on-Search-2026-07-12 (1).zip","Last 28 days","2026-06-13","2026-07-10","ghid consultativ dr 12","0","2","0","7.5"
"atelierdeconsultanta.ro-Performance-on-Search-2026-07-12 (1).zip","Last 28 days","2026-06-13","2026-07-10","ghid dr 12 afir","0","2","0","6.5"
"atelierdeconsultanta.ro-Performance-on-Search-2026-07-12 (1).zip","Last 28 days","2026-06-13","2026-07-10","ghid start up nation 2026","0","2","0","10.5"
"atelierdeconsultanta.ro-Performance-on-Search-2026-07-12 (1).zip","Last 28 days","2026-06-13","2026-07-10","ghidul solicitantului dr 12","0","2","0","9"
"atelierdeconsultanta.ro-Performance-on-Search-2026-07-12 (1).zip","Last 28 days","2026-06-13","2026-07-10","so 2026","0","2","0","8"
"atelierdeconsultanta.ro-Performance-on-Search-2026-07-12 (1).zip","Last 28 days","2026-06-13","2026-07-10","start up nation 2026 coduri caen","0","2","0","10"
"atelierdeconsultanta.ro-Performance-on-Search-2026-07-12 (1).zip","Last 28 days","2026-06-13","2026-07-10","afir dr12","0","1","0","9"
"atelierdeconsultanta.ro-Performance-on-Search-2026-07-12 (1).zip","Last 28 days","2026-06-13","2026-07-10","afir dr14","0","1","0","11"
"atelierdeconsultanta.ro-Performance-on-Search-2026-07-12 (1).zip","Last 28 days","2026-06-13","2026-07-10","apel 2","0","1","0","10"
"atelierdeconsultanta.ro-Performance-on-Search-2026-07-12 (1).zip","Last 28 days","2026-06-13","2026-07-10","calcul so vegetal","0","1","0","11"
"atelierdeconsultanta.ro-Performance-on-Search-2026-07-12 (1).zip","Last 28 days","2026-06-13","2026-07-10","ce inseamna cofinantare","0","1","0","12"
"atelierdeconsultanta.ro-Performance-on-Search-2026-07-12 (1).zip","Last 28 days","2026-06-13","2026-07-10","coduri caen eligibile start up nation 2026","0","1","0","9"
"atelierdeconsultanta.ro-Performance-on-Search-2026-07-12 (1).zip","Last 28 days","2026-06-13","2026-07-10","coduri caen start up nation 2026","0","1","0","10"
"atelierdeconsultanta.ro-Performance-on-Search-2026-07-12 (1).zip","Last 28 days","2026-06-13","2026-07-10","efarmaser","0","1","0","8"
"atelierdeconsultanta.ro-Performance-on-Search-2026-07-12 (1).zip","Last 28 days","2026-06-13","2026-07-10","femeia antreprenor 2026 depunere","0","1","0","6"
"atelierdeconsultanta.ro-Performance-on-Search-2026-07-12 (1).zip","Last 28 days","2026-06-13","2026-07-10","femeia antreprenor 2026 ghid","0","1","0","10"
"atelierdeconsultanta.ro-Performance-on-Search-2026-07-12 (1).zip","Last 28 days","2026-06-13","2026-07-10","finantare femeia antreprenor 2026","0","1","0","10"
"atelierdeconsultanta.ro-Performance-on-Search-2026-07-12 (1).zip","Last 28 days","2026-06-13","2026-07-10","gal afir ro","0","1","0","7"
"atelierdeconsultanta.ro-Performance-on-Search-2026-07-12 (1).zip","Last 28 days","2026-06-13","2026-07-10","ghid dr 12","0","1","0","9"
"atelierdeconsultanta.ro-Performance-on-Search-2026-07-12 (1).zip","Last 28 days","2026-06-13","2026-07-10","ghid dr12","0","1","0","9"
"atelierdeconsultanta.ro-Performance-on-Search-2026-07-12 (1).zip","Last 28 days","2026-06-13","2026-07-10","ghid e move","0","1","0","10"
"atelierdeconsultanta.ro-Performance-on-Search-2026-07-12 (1).zip","Last 28 days","2026-06-13","2026-07-10","pro infr","0","1","0","7"
"atelierdeconsultanta.ro-Performance-on-Search-2026-07-12 (1).zip","Last 28 days","2026-06-13","2026-07-10","standard so","0","1","0","12"
