"source_export","date_filter","date_start","date_end","page","clicks","impressions","ctr_percent","position","position_6_12","legacy_html"
"atelierdeconsultanta.ro-Performance-on-Search-2026-07-12.zip","Last 3 months","2026-04-11","2026-07-10","https://atelierdeconsultanta.ro/calculator-soc","32","3779","0.85","7.94","true","false"
"atelierdeconsultanta.ro-Performance-on-Search-2026-07-12.zip","Last 3 months","2026-04-11","2026-07-10","https://atelierdeconsultanta.ro/femeia-antreprenor-2026","40","1717","2.33","8.21","true","false"
"atelierdeconsultanta.ro-Performance-on-Search-2026-07-12.zip","Last 3 months","2026-04-11","2026-07-10","https://atelierdeconsultanta.ro/calculator-soc.html","29","1017","2.85","7","true","true"
"atelierdeconsultanta.ro-Performance-on-Search-2026-07-12.zip","Last 3 months","2026-04-11","2026-07-10","https://atelierdeconsultanta.ro/dr12-afir","32","1008","3.17","8.1","true","false"
"atelierdeconsultanta.ro-Performance-on-Search-2026-07-12.zip","Last 3 months","2026-04-11","2026-07-10","https://atelierdeconsultanta.ro/dr14","27","734","3.68","7.76","true","false"
"atelierdeconsultanta.ro-Performance-on-Search-2026-07-12.zip","Last 3 months","2026-04-11","2026-07-10","https://atelierdeconsultanta.ro/gal-afir","0","557","0","5.93","false","false"
"atelierdeconsultanta.ro-Performance-on-Search-2026-07-12.zip","Last 3 months","2026-04-11","2026-07-10","https://atelierdeconsultanta.ro/investitii-modernizarea-microintreprinderilor-apel-2","9","434","2.07","6.76","true","false"
"atelierdeconsultanta.ro-Performance-on-Search-2026-07-12.zip","Last 3 months","2026-04-11","2026-07-10","https://atelierdeconsultanta.ro/","24","433","5.54","10.85","true","false"
"atelierdeconsultanta.ro-Performance-on-Search-2026-07-12.zip","Last 3 months","2026-04-11","2026-07-10","https://atelierdeconsultanta.ro/dr14.html","7","406","1.72","9.1","true","true"
"atelierdeconsultanta.ro-Performance-on-Search-2026-07-12.zip","Last 3 months","2026-04-11","2026-07-10","https://atelierdeconsultanta.ro/start-up-nation-2026","3","356","0.84","13.08","false","false"
"atelierdeconsultanta.ro-Performance-on-Search-2026-07-12.zip","Last 3 months","2026-04-11","2026-07-10","https://atelierdeconsultanta.ro/digitalizare-imm","1","248","0.4","28.87","false","false"
"atelierdeconsultanta.ro-Performance-on-Search-2026-07-12.zip","Last 3 months","2026-04-11","2026-07-10","https://atelierdeconsultanta.ro/acte-necesare-fonduri-europene-nerambursabile","3","217","1.38","7.06","true","false"
"atelierdeconsultanta.ro-Performance-on-Search-2026-07-12.zip","Last 3 months","2026-04-11","2026-07-10","https://atelierdeconsultanta.ro/dr-14-afir-conditii-eligibilitate-greseli-frecvente","3","214","1.4","9.94","true","false"
"atelierdeconsultanta.ro-Performance-on-Search-2026-07-12.zip","Last 3 months","2026-04-11","2026-07-10","https://atelierdeconsultanta.ro/fondul-modernizare-energie-regenerabila-2026","2","212","0.94","7.22","true","false"
"atelierdeconsultanta.ro-Performance-on-Search-2026-07-12.zip","Last 3 months","2026-04-11","2026-07-10","https://atelierdeconsultanta.ro/femeia-antreprenor-2026-conditii-idei-afaceri","7","205","3.41","14.36","false","false"
"atelierdeconsultanta.ro-Performance-on-Search-2026-07-12.zip","Last 3 months","2026-04-11","2026-07-10","https://atelierdeconsultanta.ro/e-move","11","197","5.58","7.33","true","false"
"atelierdeconsultanta.ro-Performance-on-Search-2026-07-12.zip","Last 3 months","2026-04-11","2026-07-10","https://atelierdeconsultanta.ro/pro-infra","7","190","3.68","12.39","false","false"
"atelierdeconsultanta.ro-Performance-on-Search-2026-07-12.zip","Last 3 months","2026-04-11","2026-07-10","https://atelierdeconsultanta.ro/fonduri-nerambursabile","0","185","0","37.63","false","false"
"atelierdeconsultanta.ro-Performance-on-Search-2026-07-12.zip","Last 3 months","2026-04-11","2026-07-10","https://atelierdeconsultanta.ro/start-up-nation-2026.html","4","166","2.41","10.73","true","true"
"atelierdeconsultanta.ro-Performance-on-Search-2026-07-12.zip","Last 3 months","2026-04-11","2026-07-10","https://atelierdeconsultanta.ro/pnrr-digitalizare-imm-cheltuieli-eligibile","4","164","2.44","12.42","false","false"
"atelierdeconsultanta.ro-Performance-on-Search-2026-07-12.zip","Last 3 months","2026-04-11","2026-07-10","https://atelierdeconsultanta.ro/por-adr-nord-est","4","157","2.55","7.24","true","false"
"atelierdeconsultanta.ro-Performance-on-Search-2026-07-12.zip","Last 3 months","2026-04-11","2026-07-10","https://atelierdeconsultanta.ro/por-adr-nord-est.html","0","149","0","6.69","true","true"
"atelierdeconsultanta.ro-Performance-on-Search-2026-07-12.zip","Last 3 months","2026-04-11","2026-07-10","https://atelierdeconsultanta.ro/cod-caen-start-up-nation-2026","1","134","0.75","7.13","true","false"
"atelierdeconsultanta.ro-Performance-on-Search-2026-07-12.zip","Last 3 months","2026-04-11","2026-07-10","https://atelierdeconsultanta.ro/blog","2","115","1.74","7","true","false"
"atelierdeconsultanta.ro-Performance-on-Search-2026-07-12.zip","Last 3 months","2026-04-11","2026-07-10","https://atelierdeconsultanta.ro/consultanta-fonduri-europene","0","111","0","6.41","true","false"
"atelierdeconsultanta.ro-Performance-on-Search-2026-07-12.zip","Last 3 months","2026-04-11","2026-07-10","https://atelierdeconsultanta.ro/start-up-nation-2026-idei-afaceri","9","107","8.41","17.65","false","false"
"atelierdeconsultanta.ro-Performance-on-Search-2026-07-12.zip","Last 3 months","2026-04-11","2026-07-10","https://atelierdeconsultanta.ro/dr12-afir.html","2","102","1.96","6.36","true","true"
"atelierdeconsultanta.ro-Performance-on-Search-2026-07-12.zip","Last 3 months","2026-04-11","2026-07-10","https://atelierdeconsultanta.ro/acte-necesare-fonduri-europene-nerambursabile.html","2","98","2.04","7.5","true","true"
"atelierdeconsultanta.ro-Performance-on-Search-2026-07-12.zip","Last 3 months","2026-04-11","2026-07-10","https://atelierdeconsultanta.ro/afir","0","93","0","9.38","true","false"
"atelierdeconsultanta.ro-Performance-on-Search-2026-07-12.zip","Last 3 months","2026-04-11","2026-07-10","https://atelierdeconsultanta.ro/fondul-de-modernizare","1","90","1.11","12.52","false","false"
"atelierdeconsultanta.ro-Performance-on-Search-2026-07-12.zip","Last 3 months","2026-04-11","2026-07-10","https://atelierdeconsultanta.ro/fonduri-europene","0","87","0","7.17","true","false"
"atelierdeconsultanta.ro-Performance-on-Search-2026-07-12.zip","Last 3 months","2026-04-11","2026-07-10","https://atelierdeconsultanta.ro/femeia-antreprenor-2026.html","2","86","2.33","10.23","true","true"
"atelierdeconsultanta.ro-Performance-on-Search-2026-07-12.zip","Last 3 months","2026-04-11","2026-07-10","http://atelierdeconsultanta.ro/","3","85","3.53","6.58","true","false"
"atelierdeconsultanta.ro-Performance-on-Search-2026-07-12.zip","Last 3 months","2026-04-11","2026-07-10","https://atelierdeconsultanta.ro/start-up-nation-2026-conditii","1","75","1.33","8.64","true","false"
"atelierdeconsultanta.ro-Performance-on-Search-2026-07-12.zip","Last 3 months","2026-04-11","2026-07-10","https://atelierdeconsultanta.ro/fonduri-europene-agricultura","0","70","0","30.79","false","false"
"atelierdeconsultanta.ro-Performance-on-Search-2026-07-12.zip","Last 3 months","2026-04-11","2026-07-10","https://atelierdeconsultanta.ro/verificare-eligibilitate-fonduri-europene","1","66","1.52","7.64","true","false"
"atelierdeconsultanta.ro-Performance-on-Search-2026-07-12.zip","Last 3 months","2026-04-11","2026-07-10","https://atelierdeconsultanta.ro/granturi-digitalizare-imm","2","65","3.08","6.46","true","false"
"atelierdeconsultanta.ro-Performance-on-Search-2026-07-12.zip","Last 3 months","2026-04-11","2026-07-10","https://atelierdeconsultanta.ro/despre-faber","0","64","0","4.33","false","false"
"atelierdeconsultanta.ro-Performance-on-Search-2026-07-12.zip","Last 3 months","2026-04-11","2026-07-10","https://atelierdeconsultanta.ro/fonduri-europene-nerambursabile-2026","3","64","4.69","7.5","true","false"
"atelierdeconsultanta.ro-Performance-on-Search-2026-07-12.zip","Last 3 months","2026-04-11","2026-07-10","https://atelierdeconsultanta.ro/contact","1","63","1.59","15.38","false","false"
"atelierdeconsultanta.ro-Performance-on-Search-2026-07-12.zip","Last 3 months","2026-04-11","2026-07-10","https://atelierdeconsultanta.ro/afir-autoconsum-agroalimentar","2","62","3.23","11.52","true","false"
"atelierdeconsultanta.ro-Performance-on-Search-2026-07-12.zip","Last 3 months","2026-04-11","2026-07-10","https://atelierdeconsultanta.ro/consultanta-start-up-nation-2026","0","61","0","7.05","true","false"
"atelierdeconsultanta.ro-Performance-on-Search-2026-07-12.zip","Last 3 months","2026-04-11","2026-07-10","https://atelierdeconsultanta.ro/blog-afir-fotovoltaice-ferme-2026","0","60","0","7.97","true","false"
"atelierdeconsultanta.ro-Performance-on-Search-2026-07-12.zip","Last 3 months","2026-04-11","2026-07-10","https://atelierdeconsultanta.ro/start-up-nation-2026-idei-afaceri-plan.html","3","58","5.17","14.6","false","true"
"atelierdeconsultanta.ro-Performance-on-Search-2026-07-12.zip","Last 3 months","2026-04-11","2026-07-10","https://atelierdeconsultanta.ro/ghiduri","0","56","0","6.84","true","false"
"atelierdeconsultanta.ro-Performance-on-Search-2026-07-12.zip","Last 3 months","2026-04-11","2026-07-10","https://atelierdeconsultanta.ro/pnrr","1","56","1.79","5.93","false","false"
"atelierdeconsultanta.ro-Performance-on-Search-2026-07-12.zip","Last 3 months","2026-04-11","2026-07-10","https://atelierdeconsultanta.ro/dr-12-afir-instalarea-tinerilor-fermieri","0","47","0","17.3","false","false"
"atelierdeconsultanta.ro-Performance-on-Search-2026-07-12.zip","Last 3 months","2026-04-11","2026-07-10","https://atelierdeconsultanta.ro/cum-alegi-programul-potrivit-fonduri-europene-2026.html","2","46","4.35","5.85","false","true"
"atelierdeconsultanta.ro-Performance-on-Search-2026-07-12.zip","Last 3 months","2026-04-11","2026-07-10","https://atelierdeconsultanta.ro/start-up-nation-2026-cheltuieli-eligibile","2","46","4.35","7.52","true","false"
"atelierdeconsultanta.ro-Performance-on-Search-2026-07-12.zip","Last 3 months","2026-04-11","2026-07-10","https://atelierdeconsultanta.ro/calendar-fonduri-europene","0","45","0","8.2","true","false"
"atelierdeconsultanta.ro-Performance-on-Search-2026-07-12.zip","Last 3 months","2026-04-11","2026-07-10","https://atelierdeconsultanta.ro/fonduri-europene-imm","0","45","0","5.82","false","false"
"atelierdeconsultanta.ro-Performance-on-Search-2026-07-12.zip","Last 3 months","2026-04-11","2026-07-10","https://atelierdeconsultanta.ro/digitalizare-imm.html","0","44","0","47.32","false","true"
"atelierdeconsultanta.ro-Performance-on-Search-2026-07-12.zip","Last 3 months","2026-04-11","2026-07-10","https://atelierdeconsultanta.ro/femeia-antreprenor-2026-conditii-idei-afaceri.html","1","42","2.38","16.05","false","true"
"atelierdeconsultanta.ro-Performance-on-Search-2026-07-12.zip","Last 3 months","2026-04-11","2026-07-10","https://atelierdeconsultanta.ro/ce-acte-sunt-necesare-fonduri-europene","1","41","2.44","5.29","false","false"
"atelierdeconsultanta.ro-Performance-on-Search-2026-07-12.zip","Last 3 months","2026-04-11","2026-07-10","https://atelierdeconsultanta.ro/dr12-vs-dr14","0","41","0","22.41","false","false"
"atelierdeconsultanta.ro-Performance-on-Search-2026-07-12.zip","Last 3 months","2026-04-11","2026-07-10","https://atelierdeconsultanta.ro/surse-oficiale-fonduri-europene","1","41","2.44","5.9","false","false"
"atelierdeconsultanta.ro-Performance-on-Search-2026-07-12.zip","Last 3 months","2026-04-11","2026-07-10","https://atelierdeconsultanta.ro/termeni-si-conditii.html","1","40","2.5","3.33","false","true"
"atelierdeconsultanta.ro-Performance-on-Search-2026-07-12.zip","Last 3 months","2026-04-11","2026-07-10","https://atelierdeconsultanta.ro/termeni-si-conditii","0","38","0","3.87","false","false"
"atelierdeconsultanta.ro-Performance-on-Search-2026-07-12.zip","Last 3 months","2026-04-11","2026-07-10","https://atelierdeconsultanta.ro/studii-de-caz-fonduri-europene","0","37","0","10.57","true","false"
"atelierdeconsultanta.ro-Performance-on-Search-2026-07-12.zip","Last 3 months","2026-04-11","2026-07-10","https://atelierdeconsultanta.ro/consultanta-fonduri-europene-bucuresti","0","35","0","7.66","true","false"
"atelierdeconsultanta.ro-Performance-on-Search-2026-07-12.zip","Last 3 months","2026-04-11","2026-07-10","https://atelierdeconsultanta.ro/cat-costa-consultanta-fonduri-europene","1","34","2.94","6.15","true","false"
"atelierdeconsultanta.ro-Performance-on-Search-2026-07-12.zip","Last 3 months","2026-04-11","2026-07-10","https://atelierdeconsultanta.ro/cum-se-verifica-eligibilitatea-fonduri-europene","0","34","0","9.15","true","false"
"atelierdeconsultanta.ro-Performance-on-Search-2026-07-12.zip","Last 3 months","2026-04-11","2026-07-10","https://atelierdeconsultanta.ro/fonduri-europene-nord-est","0","34","0","9.97","true","false"
"atelierdeconsultanta.ro-Performance-on-Search-2026-07-12.zip","Last 3 months","2026-04-11","2026-07-10","https://atelierdeconsultanta.ro/cum-se-calculeaza-cofinantarea-fonduri-europene","0","31","0","11.48","true","false"
"atelierdeconsultanta.ro-Performance-on-Search-2026-07-12.zip","Last 3 months","2026-04-11","2026-07-10","https://atelierdeconsultanta.ro/dr14-afir-ferme-mici","0","31","0","12.39","false","false"
"atelierdeconsultanta.ro-Performance-on-Search-2026-07-12.zip","Last 3 months","2026-04-11","2026-07-10","https://atelierdeconsultanta.ro/digitalizare-imm-erp-crm-cloud","0","29","0","14.31","false","false"
"atelierdeconsultanta.ro-Performance-on-Search-2026-07-12.zip","Last 3 months","2026-04-11","2026-07-10","https://atelierdeconsultanta.ro/blog.html?post=blog-1","0","28","0","4.5","false","true"
"atelierdeconsultanta.ro-Performance-on-Search-2026-07-12.zip","Last 3 months","2026-04-11","2026-07-10","https://atelierdeconsultanta.ro/pro-infra.html","0","27","0","9.11","true","true"
"atelierdeconsultanta.ro-Performance-on-Search-2026-07-12.zip","Last 3 months","2026-04-11","2026-07-10","https://atelierdeconsultanta.ro/cum-alegi-programul-potrivit-fonduri-europene-2026","0","26","0","6.46","true","false"
"atelierdeconsultanta.ro-Performance-on-Search-2026-07-12.zip","Last 3 months","2026-04-11","2026-07-10","https://atelierdeconsultanta.ro/cheltuieli-eligibile-digitalizare-imm","0","24","0","11.33","true","false"
"atelierdeconsultanta.ro-Performance-on-Search-2026-07-12.zip","Last 3 months","2026-04-11","2026-07-10","https://atelierdeconsultanta.ro/dr-14-afir-conditii-eligibilitate-greseli-frecvente.html","2","24","8.33","8.83","true","true"
"atelierdeconsultanta.ro-Performance-on-Search-2026-07-12.zip","Last 3 months","2026-04-11","2026-07-10","https://atelierdeconsultanta.ro/gdpr","0","24","0","26.92","false","false"
"atelierdeconsultanta.ro-Performance-on-Search-2026-07-12.zip","Last 3 months","2026-04-11","2026-07-10","https://atelierdeconsultanta.ro/cat-costa-consultanta-fonduri-europene-ghid","0","22","0","6.77","true","false"
"atelierdeconsultanta.ro-Performance-on-Search-2026-07-12.zip","Last 3 months","2026-04-11","2026-07-10","https://atelierdeconsultanta.ro/fonduri-europene-digitalizare","0","22","0","14.32","false","false"
"atelierdeconsultanta.ro-Performance-on-Search-2026-07-12.zip","Last 3 months","2026-04-11","2026-07-10","https://atelierdeconsultanta.ro/glosar-fonduri-europene","1","22","4.55","9.77","true","false"
"atelierdeconsultanta.ro-Performance-on-Search-2026-07-12.zip","Last 3 months","2026-04-11","2026-07-10","https://atelierdeconsultanta.ro/intrebari-frecvente","0","21","0","8.71","true","false"
"atelierdeconsultanta.ro-Performance-on-Search-2026-07-12.zip","Last 3 months","2026-04-11","2026-07-10","https://atelierdeconsultanta.ro/startup-nation-2026-conditii","0","21","0","14.62","false","false"
"atelierdeconsultanta.ro-Performance-on-Search-2026-07-12.zip","Last 3 months","2026-04-11","2026-07-10","https://atelierdeconsultanta.ro/autoconsum-publici.html","0","20","0","3.95","false","true"
"atelierdeconsultanta.ro-Performance-on-Search-2026-07-12.zip","Last 3 months","2026-04-11","2026-07-10","https://atelierdeconsultanta.ro/consultanta-fonduri-europene/","0","20","0","14.65","false","false"
"atelierdeconsultanta.ro-Performance-on-Search-2026-07-12.zip","Last 3 months","2026-04-11","2026-07-10","https://atelierdeconsultanta.ro/firma-consultanta-fonduri-europene","0","20","0","20.3","false","false"
"atelierdeconsultanta.ro-Performance-on-Search-2026-07-12.zip","Last 3 months","2026-04-11","2026-07-10","https://atelierdeconsultanta.ro/fondul-de-modernizare-finantari-energie-fotovoltaice-autoconsum","0","20","0","8.75","true","false"
"atelierdeconsultanta.ro-Performance-on-Search-2026-07-12.zip","Last 3 months","2026-04-11","2026-07-10","https://atelierdeconsultanta.ro/afir-autoconsum-agroalimentar.html","0","19","0","19.53","false","true"
"atelierdeconsultanta.ro-Performance-on-Search-2026-07-12.zip","Last 3 months","2026-04-11","2026-07-10","https://atelierdeconsultanta.ro/fonduri-pentru-utilaje-agricole","0","19","0","4.53","false","false"
"atelierdeconsultanta.ro-Performance-on-Search-2026-07-12.zip","Last 3 months","2026-04-11","2026-07-10","https://atelierdeconsultanta.ro/idei-afaceri-fonduri-europene","0","19","0","22.42","false","false"
"atelierdeconsultanta.ro-Performance-on-Search-2026-07-12.zip","Last 3 months","2026-04-11","2026-07-10","https://atelierdeconsultanta.ro/politica-de-confidentialitate","0","18","0","13.33","false","false"
"atelierdeconsultanta.ro-Performance-on-Search-2026-07-12.zip","Last 3 months","2026-04-11","2026-07-10","https://atelierdeconsultanta.ro/fonduri-europene-nerambursabile-2026/","0","17","0","6.47","true","false"
"atelierdeconsultanta.ro-Performance-on-Search-2026-07-12.zip","Last 3 months","2026-04-11","2026-07-10","https://atelierdeconsultanta.ro/autoconsum-public-fotovoltaice-institutii-publice","1","16","6.25","7.06","true","false"
"atelierdeconsultanta.ro-Performance-on-Search-2026-07-12.zip","Last 3 months","2026-04-11","2026-07-10","https://atelierdeconsultanta.ro/dr12-afir-tineri-fermieri","3","16","18.75","9.81","true","false"
"atelierdeconsultanta.ro-Performance-on-Search-2026-07-12.zip","Last 3 months","2026-04-11","2026-07-10","https://atelierdeconsultanta.ro/testimoniale","0","16","0","4.12","false","false"
"atelierdeconsultanta.ro-Performance-on-Search-2026-07-12.zip","Last 3 months","2026-04-11","2026-07-10","https://atelierdeconsultanta.ro/apeluri-gal","0","14","0","6.21","true","false"
"atelierdeconsultanta.ro-Performance-on-Search-2026-07-12.zip","Last 3 months","2026-04-11","2026-07-10","https://atelierdeconsultanta.ro/resurse","0","14","0","5.36","false","false"
"atelierdeconsultanta.ro-Performance-on-Search-2026-07-12.zip","Last 3 months","2026-04-11","2026-07-10","https://atelierdeconsultanta.ro/studii-de-caz","3","14","21.43","5.36","false","false"
"atelierdeconsultanta.ro-Performance-on-Search-2026-07-12.zip","Last 3 months","2026-04-11","2026-07-10","https://atelierdeconsultanta.ro/cand-merita-consultant-fonduri-europene","0","13","0","9.92","true","false"
"atelierdeconsultanta.ro-Performance-on-Search-2026-07-12.zip","Last 3 months","2026-04-11","2026-07-10","https://atelierdeconsultanta.ro/consultanta-afir","0","13","0","5.85","false","false"
"atelierdeconsultanta.ro-Performance-on-Search-2026-07-12.zip","Last 3 months","2026-04-11","2026-07-10","https://atelierdeconsultanta.ro/consultanta-pnrr-digitalizare","0","13","0","16.62","false","false"
"atelierdeconsultanta.ro-Performance-on-Search-2026-07-12.zip","Last 3 months","2026-04-11","2026-07-10","https://atelierdeconsultanta.ro/pnrr-digitalizare-imm-cheltuieli-eligibile.html","0","13","0","35.77","false","true"
"atelierdeconsultanta.ro-Performance-on-Search-2026-07-12.zip","Last 3 months","2026-04-11","2026-07-10","https://atelierdeconsultanta.ro/fonduri-europene-femei-antreprenor","0","11","0","5.45","false","false"
"atelierdeconsultanta.ro-Performance-on-Search-2026-07-12.zip","Last 3 months","2026-04-11","2026-07-10","https://atelierdeconsultanta.ro/fonduri-pentru-ferme","0","11","0","4.91","false","false"
"atelierdeconsultanta.ro-Performance-on-Search-2026-07-12.zip","Last 3 months","2026-04-11","2026-07-10","https://atelierdeconsultanta.ro/cum-alegi-consultant-fonduri-europene","0","10","0","4.9","false","false"
"atelierdeconsultanta.ro-Performance-on-Search-2026-07-12.zip","Last 3 months","2026-04-11","2026-07-10","https://atelierdeconsultanta.ro/eligibilitate-fonduri-europene","0","10","0","6.2","true","false"
"atelierdeconsultanta.ro-Performance-on-Search-2026-07-12.zip","Last 3 months","2026-04-11","2026-07-10","https://atelierdeconsultanta.ro/intrebari/cum-se-calculeaza-cofinantarea-la-fonduri-europene","1","9","11.11","6.44","true","false"
"atelierdeconsultanta.ro-Performance-on-Search-2026-07-12.zip","Last 3 months","2026-04-11","2026-07-10","https://atelierdeconsultanta.ro/start-up-nation-2026-plan-de-afaceri","0","9","0","28.11","false","false"
"atelierdeconsultanta.ro-Performance-on-Search-2026-07-12.zip","Last 3 months","2026-04-11","2026-07-10","https://atelierdeconsultanta.ro/webinarii","0","9","0","3.56","false","false"
"atelierdeconsultanta.ro-Performance-on-Search-2026-07-12.zip","Last 3 months","2026-04-11","2026-07-10","https://atelierdeconsultanta.ro/cod-caen-startup-nation","0","8","0","63.25","false","false"
"atelierdeconsultanta.ro-Performance-on-Search-2026-07-12.zip","Last 3 months","2026-04-11","2026-07-10","https://atelierdeconsultanta.ro/contact/","0","8","0","8.88","true","false"
"atelierdeconsultanta.ro-Performance-on-Search-2026-07-12.zip","Last 3 months","2026-04-11","2026-07-10","https://atelierdeconsultanta.ro/consultant-fonduri-europene-imm","0","7","0","6.86","true","false"
"atelierdeconsultanta.ro-Performance-on-Search-2026-07-12.zip","Last 3 months","2026-04-11","2026-07-10","https://atelierdeconsultanta.ro/digitalizare-imm-pnrr","0","7","0","4.43","false","false"
"atelierdeconsultanta.ro-Performance-on-Search-2026-07-12.zip","Last 3 months","2026-04-11","2026-07-10","https://atelierdeconsultanta.ro/fonduri-europene-caen/4321-instalatii-electrice","2","7","28.57","3","false","false"
"atelierdeconsultanta.ro-Performance-on-Search-2026-07-12.zip","Last 3 months","2026-04-11","2026-07-10","https://atelierdeconsultanta.ro/fonduri-europene-caen/6201-dezvoltare-software","0","7","0","5.86","false","false"
"atelierdeconsultanta.ro-Performance-on-Search-2026-07-12.zip","Last 3 months","2026-04-11","2026-07-10","https://atelierdeconsultanta.ro/greseli-fonduri-europene","0","7","0","3.57","false","false"
"atelierdeconsultanta.ro-Performance-on-Search-2026-07-12.zip","Last 3 months","2026-04-11","2026-07-10","https://atelierdeconsultanta.ro/instrumente","0","7","0","3.57","false","false"
"atelierdeconsultanta.ro-Performance-on-Search-2026-07-12.zip","Last 3 months","2026-04-11","2026-07-10","https://atelierdeconsultanta.ro/portofoliu","0","7","0","2.29","false","false"
"atelierdeconsultanta.ro-Performance-on-Search-2026-07-12.zip","Last 3 months","2026-04-11","2026-07-10","https://atelierdeconsultanta.ro/programul-tranzitie-justa-intrebari-documente","0","7","0","8.43","true","false"
"atelierdeconsultanta.ro-Performance-on-Search-2026-07-12.zip","Last 3 months","2026-04-11","2026-07-10","https://atelierdeconsultanta.ro/cheltuieli-eligibile-startup-nation","0","6","0","4.67","false","false"
"atelierdeconsultanta.ro-Performance-on-Search-2026-07-12.zip","Last 3 months","2026-04-11","2026-07-10","https://atelierdeconsultanta.ro/fonduri-europene-bucuresti","0","6","0","17.17","false","false"
"atelierdeconsultanta.ro-Performance-on-Search-2026-07-12.zip","Last 3 months","2026-04-11","2026-07-10","https://atelierdeconsultanta.ro/fonduri-europene-caen/0111-culturi-cereale","0","6","0","4.17","false","false"
"atelierdeconsultanta.ro-Performance-on-Search-2026-07-12.zip","Last 3 months","2026-04-11","2026-07-10","https://atelierdeconsultanta.ro/calendar-fonduri-europene/","0","5","0","13.2","false","false"
"atelierdeconsultanta.ro-Performance-on-Search-2026-07-12.zip","Last 3 months","2026-04-11","2026-07-10","https://atelierdeconsultanta.ro/consultanta-afir/","0","5","0","6.8","true","false"
"atelierdeconsultanta.ro-Performance-on-Search-2026-07-12.zip","Last 3 months","2026-04-11","2026-07-10","https://atelierdeconsultanta.ro/fondul-de-modernizare-finantari-energie-fotovoltaice-autoconsum.html","0","5","0","33.6","false","true"
"atelierdeconsultanta.ro-Performance-on-Search-2026-07-12.zip","Last 3 months","2026-04-11","2026-07-10","https://atelierdeconsultanta.ro/finantari-panouri-fotovoltaice","0","4","0","24","false","false"
"atelierdeconsultanta.ro-Performance-on-Search-2026-07-12.zip","Last 3 months","2026-04-11","2026-07-10","https://atelierdeconsultanta.ro/metodologie-verificare-eligibilitate","0","4","0","5","false","false"
"atelierdeconsultanta.ro-Performance-on-Search-2026-07-12.zip","Last 3 months","2026-04-11","2026-07-10","https://atelierdeconsultanta.ro/start-up-nation/","0","4","0","5","false","false"
"atelierdeconsultanta.ro-Performance-on-Search-2026-07-12.zip","Last 3 months","2026-04-11","2026-07-10","http://atelierdeconsultanta.ro/pnrr","0","3","0","4","false","false"
"atelierdeconsultanta.ro-Performance-on-Search-2026-07-12.zip","Last 3 months","2026-04-11","2026-07-10","https://atelierdeconsultanta.ro/blog.html","0","3","0","4","false","true"
"atelierdeconsultanta.ro-Performance-on-Search-2026-07-12.zip","Last 3 months","2026-04-11","2026-07-10","https://atelierdeconsultanta.ro/gdpr.html","0","3","0","3.33","false","true"
"atelierdeconsultanta.ro-Performance-on-Search-2026-07-12.zip","Last 3 months","2026-04-11","2026-07-10","https://atelierdeconsultanta.ro/politica-de-confidentialitate.html","0","3","0","5.67","false","true"
"atelierdeconsultanta.ro-Performance-on-Search-2026-07-12.zip","Last 3 months","2026-04-11","2026-07-10","https://atelierdeconsultanta.ro/consultanta-pnrr-digitalizare/","0","2","0","5.5","false","false"
"atelierdeconsultanta.ro-Performance-on-Search-2026-07-12.zip","Last 3 months","2026-04-11","2026-07-10","https://atelierdeconsultanta.ro/dr-12-afir-instalarea-tinerilor-fermieri.html","0","2","0","5.5","false","true"
"atelierdeconsultanta.ro-Performance-on-Search-2026-07-12.zip","Last 3 months","2026-04-11","2026-07-10","https://atelierdeconsultanta.ro/fonduri-europene-femei-antreprenor/","0","2","0","7","true","false"
"atelierdeconsultanta.ro-Performance-on-Search-2026-07-12.zip","Last 3 months","2026-04-11","2026-07-10","https://atelierdeconsultanta.ro/ghiduri/","0","2","0","1","false","false"
"atelierdeconsultanta.ro-Performance-on-Search-2026-07-12.zip","Last 3 months","2026-04-11","2026-07-10","https://atelierdeconsultanta.ro/intrebari/ce-documente-sunt-necesare-pentru-dr12","0","2","0","3","false","false"
"atelierdeconsultanta.ro-Performance-on-Search-2026-07-12.zip","Last 3 months","2026-04-11","2026-07-10","https://atelierdeconsultanta.ro/cum-alegi-consultant-fonduri-europene/","0","1","0","5","false","false"
"atelierdeconsultanta.ro-Performance-on-Search-2026-07-12.zip","Last 3 months","2026-04-11","2026-07-10","https://atelierdeconsultanta.ro/fonduri-europene-caen/5610-restaurante","0","1","0","1","false","false"
"atelierdeconsultanta.ro-Performance-on-Search-2026-07-12.zip","Last 3 months","2026-04-11","2026-07-10","https://atelierdeconsultanta.ro/intrebari/ce-cheltuieli-sunt-eligibile-la-digitalizare-imm","0","1","0","10","true","false"
"atelierdeconsultanta.ro-Performance-on-Search-2026-07-12 (1).zip","Last 28 days","2026-06-13","2026-07-10","https://atelierdeconsultanta.ro/calculator-soc","6","2276","0.26","8.21","true","false"
"atelierdeconsultanta.ro-Performance-on-Search-2026-07-12 (1).zip","Last 28 days","2026-06-13","2026-07-10","https://atelierdeconsultanta.ro/femeia-antreprenor-2026","15","927","1.62","8.17","true","false"
"atelierdeconsultanta.ro-Performance-on-Search-2026-07-12 (1).zip","Last 28 days","2026-06-13","2026-07-10","https://atelierdeconsultanta.ro/dr12-afir","7","471","1.49","8.37","true","false"
"atelierdeconsultanta.ro-Performance-on-Search-2026-07-12 (1).zip","Last 28 days","2026-06-13","2026-07-10","https://atelierdeconsultanta.ro/gal-afir","0","343","0","6.05","true","false"
"atelierdeconsultanta.ro-Performance-on-Search-2026-07-12 (1).zip","Last 28 days","2026-06-13","2026-07-10","https://atelierdeconsultanta.ro/investitii-modernizarea-microintreprinderilor-apel-2","9","341","2.64","6.9","true","false"
"atelierdeconsultanta.ro-Performance-on-Search-2026-07-12 (1).zip","Last 28 days","2026-06-13","2026-07-10","https://atelierdeconsultanta.ro/dr14","3","213","1.41","8.49","true","false"
"atelierdeconsultanta.ro-Performance-on-Search-2026-07-12 (1).zip","Last 28 days","2026-06-13","2026-07-10","https://atelierdeconsultanta.ro/e-move","7","158","4.43","7.71","true","false"
"atelierdeconsultanta.ro-Performance-on-Search-2026-07-12 (1).zip","Last 28 days","2026-06-13","2026-07-10","https://atelierdeconsultanta.ro/","2","146","1.37","19.2","false","false"
"atelierdeconsultanta.ro-Performance-on-Search-2026-07-12 (1).zip","Last 28 days","2026-06-13","2026-07-10","https://atelierdeconsultanta.ro/acte-necesare-fonduri-europene-nerambursabile","2","141","1.42","7.22","true","false"
"atelierdeconsultanta.ro-Performance-on-Search-2026-07-12 (1).zip","Last 28 days","2026-06-13","2026-07-10","https://atelierdeconsultanta.ro/fondul-modernizare-energie-regenerabila-2026","0","125","0","7.18","true","false"
"atelierdeconsultanta.ro-Performance-on-Search-2026-07-12 (1).zip","Last 28 days","2026-06-13","2026-07-10","https://atelierdeconsultanta.ro/fonduri-nerambursabile","0","106","0","41.49","false","false"
"atelierdeconsultanta.ro-Performance-on-Search-2026-07-12 (1).zip","Last 28 days","2026-06-13","2026-07-10","https://atelierdeconsultanta.ro/cod-caen-start-up-nation-2026","0","105","0","6.02","true","false"
"atelierdeconsultanta.ro-Performance-on-Search-2026-07-12 (1).zip","Last 28 days","2026-06-13","2026-07-10","https://atelierdeconsultanta.ro/start-up-nation-2026","1","98","1.02","9.2","true","false"
"atelierdeconsultanta.ro-Performance-on-Search-2026-07-12 (1).zip","Last 28 days","2026-06-13","2026-07-10","https://atelierdeconsultanta.ro/dr-14-afir-conditii-eligibilitate-greseli-frecvente","1","97","1.03","12.19","false","false"
"atelierdeconsultanta.ro-Performance-on-Search-2026-07-12 (1).zip","Last 28 days","2026-06-13","2026-07-10","https://atelierdeconsultanta.ro/pro-infra","2","93","2.15","17.53","false","false"
"atelierdeconsultanta.ro-Performance-on-Search-2026-07-12 (1).zip","Last 28 days","2026-06-13","2026-07-10","https://atelierdeconsultanta.ro/femeia-antreprenor-2026-conditii-idei-afaceri","3","76","3.95","18.42","false","false"
"atelierdeconsultanta.ro-Performance-on-Search-2026-07-12 (1).zip","Last 28 days","2026-06-13","2026-07-10","https://atelierdeconsultanta.ro/pnrr-digitalizare-imm-cheltuieli-eligibile","2","76","2.63","12.49","false","false"
"atelierdeconsultanta.ro-Performance-on-Search-2026-07-12 (1).zip","Last 28 days","2026-06-13","2026-07-10","https://atelierdeconsultanta.ro/por-adr-nord-est","1","64","1.56","7.38","true","false"
"atelierdeconsultanta.ro-Performance-on-Search-2026-07-12 (1).zip","Last 28 days","2026-06-13","2026-07-10","https://atelierdeconsultanta.ro/fonduri-europene-agricultura","0","57","0","36.3","false","false"
"atelierdeconsultanta.ro-Performance-on-Search-2026-07-12 (1).zip","Last 28 days","2026-06-13","2026-07-10","https://atelierdeconsultanta.ro/digitalizare-imm","0","43","0","58.58","false","false"
"atelierdeconsultanta.ro-Performance-on-Search-2026-07-12 (1).zip","Last 28 days","2026-06-13","2026-07-10","https://atelierdeconsultanta.ro/start-up-nation-2026-conditii","1","41","2.44","10.85","true","false"
"atelierdeconsultanta.ro-Performance-on-Search-2026-07-12 (1).zip","Last 28 days","2026-06-13","2026-07-10","https://atelierdeconsultanta.ro/start-up-nation-2026-idei-afaceri","1","41","2.44","18.05","false","false"
"atelierdeconsultanta.ro-Performance-on-Search-2026-07-12 (1).zip","Last 28 days","2026-06-13","2026-07-10","http://atelierdeconsultanta.ro/","0","40","0","6.85","true","false"
"atelierdeconsultanta.ro-Performance-on-Search-2026-07-12 (1).zip","Last 28 days","2026-06-13","2026-07-10","https://atelierdeconsultanta.ro/afir","0","39","0","14.62","false","false"
"atelierdeconsultanta.ro-Performance-on-Search-2026-07-12 (1).zip","Last 28 days","2026-06-13","2026-07-10","https://atelierdeconsultanta.ro/granturi-digitalizare-imm","0","36","0","5.86","false","false"
"atelierdeconsultanta.ro-Performance-on-Search-2026-07-12 (1).zip","Last 28 days","2026-06-13","2026-07-10","https://atelierdeconsultanta.ro/afir-autoconsum-agroalimentar","1","35","2.86","13.26","false","false"
"atelierdeconsultanta.ro-Performance-on-Search-2026-07-12 (1).zip","Last 28 days","2026-06-13","2026-07-10","https://atelierdeconsultanta.ro/start-up-nation-2026-cheltuieli-eligibile","2","29","6.9","9.41","true","false"
"atelierdeconsultanta.ro-Performance-on-Search-2026-07-12 (1).zip","Last 28 days","2026-06-13","2026-07-10","https://atelierdeconsultanta.ro/cum-se-calculeaza-cofinantarea-fonduri-europene","0","28","0","12.07","false","false"
"atelierdeconsultanta.ro-Performance-on-Search-2026-07-12 (1).zip","Last 28 days","2026-06-13","2026-07-10","https://atelierdeconsultanta.ro/verificare-eligibilitate-fonduri-europene","0","28","0","9.04","true","false"
"atelierdeconsultanta.ro-Performance-on-Search-2026-07-12 (1).zip","Last 28 days","2026-06-13","2026-07-10","https://atelierdeconsultanta.ro/dr12-vs-dr14","0","27","0","32.04","false","false"
"atelierdeconsultanta.ro-Performance-on-Search-2026-07-12 (1).zip","Last 28 days","2026-06-13","2026-07-10","https://atelierdeconsultanta.ro/consultanta-start-up-nation-2026","0","25","0","6.56","true","false"
"atelierdeconsultanta.ro-Performance-on-Search-2026-07-12 (1).zip","Last 28 days","2026-06-13","2026-07-10","https://atelierdeconsultanta.ro/dr-12-afir-instalarea-tinerilor-fermieri","0","24","0","22.83","false","false"
"atelierdeconsultanta.ro-Performance-on-Search-2026-07-12 (1).zip","Last 28 days","2026-06-13","2026-07-10","https://atelierdeconsultanta.ro/fonduri-europene-imm","0","24","0","6.12","true","false"
"atelierdeconsultanta.ro-Performance-on-Search-2026-07-12 (1).zip","Last 28 days","2026-06-13","2026-07-10","https://atelierdeconsultanta.ro/pnrr","0","22","0","6.36","true","false"
"atelierdeconsultanta.ro-Performance-on-Search-2026-07-12 (1).zip","Last 28 days","2026-06-13","2026-07-10","https://atelierdeconsultanta.ro/fonduri-europene-nerambursabile-2026","0","18","0","12.61","false","false"
"atelierdeconsultanta.ro-Performance-on-Search-2026-07-12 (1).zip","Last 28 days","2026-06-13","2026-07-10","https://atelierdeconsultanta.ro/ce-acte-sunt-necesare-fonduri-europene","0","16","0","5.5","false","false"
"atelierdeconsultanta.ro-Performance-on-Search-2026-07-12 (1).zip","Last 28 days","2026-06-13","2026-07-10","https://atelierdeconsultanta.ro/cat-costa-consultanta-fonduri-europene","1","15","6.67","7.07","true","false"
"atelierdeconsultanta.ro-Performance-on-Search-2026-07-12 (1).zip","Last 28 days","2026-06-13","2026-07-10","https://atelierdeconsultanta.ro/cheltuieli-eligibile-digitalizare-imm","0","12","0","12.25","false","false"
"atelierdeconsultanta.ro-Performance-on-Search-2026-07-12 (1).zip","Last 28 days","2026-06-13","2026-07-10","https://atelierdeconsultanta.ro/consultanta-fonduri-europene","0","12","0","10.08","true","false"
"atelierdeconsultanta.ro-Performance-on-Search-2026-07-12 (1).zip","Last 28 days","2026-06-13","2026-07-10","https://atelierdeconsultanta.ro/cum-se-verifica-eligibilitatea-fonduri-europene","0","11","0","11.73","true","false"
"atelierdeconsultanta.ro-Performance-on-Search-2026-07-12 (1).zip","Last 28 days","2026-06-13","2026-07-10","https://atelierdeconsultanta.ro/digitalizare-imm-erp-crm-cloud","0","11","0","19.36","false","false"
"atelierdeconsultanta.ro-Performance-on-Search-2026-07-12 (1).zip","Last 28 days","2026-06-13","2026-07-10","https://atelierdeconsultanta.ro/dr14-afir-ferme-mici","0","11","0","27.82","false","false"
"atelierdeconsultanta.ro-Performance-on-Search-2026-07-12 (1).zip","Last 28 days","2026-06-13","2026-07-10","https://atelierdeconsultanta.ro/fondul-de-modernizare","0","11","0","39.73","false","false"
"atelierdeconsultanta.ro-Performance-on-Search-2026-07-12 (1).zip","Last 28 days","2026-06-13","2026-07-10","https://atelierdeconsultanta.ro/blog-afir-fotovoltaice-ferme-2026","0","10","0","9.2","true","false"
"atelierdeconsultanta.ro-Performance-on-Search-2026-07-12 (1).zip","Last 28 days","2026-06-13","2026-07-10","https://atelierdeconsultanta.ro/consultanta-fonduri-europene-bucuresti","0","10","0","6.9","true","false"
"atelierdeconsultanta.ro-Performance-on-Search-2026-07-12 (1).zip","Last 28 days","2026-06-13","2026-07-10","https://atelierdeconsultanta.ro/despre-faber","0","10","0","10.2","true","false"
"atelierdeconsultanta.ro-Performance-on-Search-2026-07-12 (1).zip","Last 28 days","2026-06-13","2026-07-10","https://atelierdeconsultanta.ro/fonduri-pentru-utilaje-agricole","0","10","0","4.4","false","false"
"atelierdeconsultanta.ro-Performance-on-Search-2026-07-12 (1).zip","Last 28 days","2026-06-13","2026-07-10","https://atelierdeconsultanta.ro/cand-merita-consultant-fonduri-europene","0","8","0","12.38","false","false"
"atelierdeconsultanta.ro-Performance-on-Search-2026-07-12 (1).zip","Last 28 days","2026-06-13","2026-07-10","https://atelierdeconsultanta.ro/gdpr","0","8","0","71.12","false","false"
"atelierdeconsultanta.ro-Performance-on-Search-2026-07-12 (1).zip","Last 28 days","2026-06-13","2026-07-10","https://atelierdeconsultanta.ro/surse-oficiale-fonduri-europene","1","8","12.5","6.88","true","false"
"atelierdeconsultanta.ro-Performance-on-Search-2026-07-12 (1).zip","Last 28 days","2026-06-13","2026-07-10","https://atelierdeconsultanta.ro/glosar-fonduri-europene","1","7","14.29","7.29","true","false"
"atelierdeconsultanta.ro-Performance-on-Search-2026-07-12 (1).zip","Last 28 days","2026-06-13","2026-07-10","https://atelierdeconsultanta.ro/programul-tranzitie-justa-intrebari-documente","0","7","0","8.43","true","false"
"atelierdeconsultanta.ro-Performance-on-Search-2026-07-12 (1).zip","Last 28 days","2026-06-13","2026-07-10","https://atelierdeconsultanta.ro/idei-afaceri-fonduri-europene","0","6","0","17.5","false","false"
"atelierdeconsultanta.ro-Performance-on-Search-2026-07-12 (1).zip","Last 28 days","2026-06-13","2026-07-10","https://atelierdeconsultanta.ro/autoconsum-public-fotovoltaice-institutii-publice","0","5","0","8","true","false"
"atelierdeconsultanta.ro-Performance-on-Search-2026-07-12 (1).zip","Last 28 days","2026-06-13","2026-07-10","https://atelierdeconsultanta.ro/fonduri-europene-caen/4321-instalatii-electrice","2","5","40","3.2","false","false"
"atelierdeconsultanta.ro-Performance-on-Search-2026-07-12 (1).zip","Last 28 days","2026-06-13","2026-07-10","https://atelierdeconsultanta.ro/ghiduri","0","5","0","13.6","false","false"
"atelierdeconsultanta.ro-Performance-on-Search-2026-07-12 (1).zip","Last 28 days","2026-06-13","2026-07-10","https://atelierdeconsultanta.ro/greseli-fonduri-europene","0","5","0","4.6","false","false"
"atelierdeconsultanta.ro-Performance-on-Search-2026-07-12 (1).zip","Last 28 days","2026-06-13","2026-07-10","https://atelierdeconsultanta.ro/intrebari/cum-se-calculeaza-cofinantarea-la-fonduri-europene","1","5","20","7.4","true","false"
"atelierdeconsultanta.ro-Performance-on-Search-2026-07-12 (1).zip","Last 28 days","2026-06-13","2026-07-10","https://atelierdeconsultanta.ro/studii-de-caz-fonduri-europene","0","5","0","14.6","false","false"
"atelierdeconsultanta.ro-Performance-on-Search-2026-07-12 (1).zip","Last 28 days","2026-06-13","2026-07-10","https://atelierdeconsultanta.ro/termeni-si-conditii","0","5","0","1.8","false","false"
"atelierdeconsultanta.ro-Performance-on-Search-2026-07-12 (1).zip","Last 28 days","2026-06-13","2026-07-10","https://atelierdeconsultanta.ro/blog","0","4","0","16.25","false","false"
"atelierdeconsultanta.ro-Performance-on-Search-2026-07-12 (1).zip","Last 28 days","2026-06-13","2026-07-10","https://atelierdeconsultanta.ro/cat-costa-consultanta-fonduri-europene-ghid","0","4","0","7.5","true","false"
"atelierdeconsultanta.ro-Performance-on-Search-2026-07-12 (1).zip","Last 28 days","2026-06-13","2026-07-10","https://atelierdeconsultanta.ro/consultanta-pnrr-digitalizare","0","4","0","7.25","true","false"
"atelierdeconsultanta.ro-Performance-on-Search-2026-07-12 (1).zip","Last 28 days","2026-06-13","2026-07-10","https://atelierdeconsultanta.ro/cum-alegi-programul-potrivit-fonduri-europene-2026","0","4","0","7.25","true","false"
"atelierdeconsultanta.ro-Performance-on-Search-2026-07-12 (1).zip","Last 28 days","2026-06-13","2026-07-10","https://atelierdeconsultanta.ro/fonduri-europene-femei-antreprenor","0","4","0","6.5","true","false"
"atelierdeconsultanta.ro-Performance-on-Search-2026-07-12 (1).zip","Last 28 days","2026-06-13","2026-07-10","https://atelierdeconsultanta.ro/fonduri-europene-nord-est","0","4","0","8.75","true","false"
"atelierdeconsultanta.ro-Performance-on-Search-2026-07-12 (1).zip","Last 28 days","2026-06-13","2026-07-10","https://atelierdeconsultanta.ro/resurse","0","4","0","8","true","false"
"atelierdeconsultanta.ro-Performance-on-Search-2026-07-12 (1).zip","Last 28 days","2026-06-13","2026-07-10","https://atelierdeconsultanta.ro/testimoniale","0","4","0","5.5","false","false"
"atelierdeconsultanta.ro-Performance-on-Search-2026-07-12 (1).zip","Last 28 days","2026-06-13","2026-07-10","https://atelierdeconsultanta.ro/apeluri-gal","0","3","0","13","false","false"
"atelierdeconsultanta.ro-Performance-on-Search-2026-07-12 (1).zip","Last 28 days","2026-06-13","2026-07-10","https://atelierdeconsultanta.ro/cum-alegi-consultant-fonduri-europene","0","3","0","3.33","false","false"
"atelierdeconsultanta.ro-Performance-on-Search-2026-07-12 (1).zip","Last 28 days","2026-06-13","2026-07-10","https://atelierdeconsultanta.ro/eligibilitate-fonduri-europene","0","3","0","7.33","true","false"
"atelierdeconsultanta.ro-Performance-on-Search-2026-07-12 (1).zip","Last 28 days","2026-06-13","2026-07-10","https://atelierdeconsultanta.ro/fonduri-europene","0","3","0","24.33","false","false"
"atelierdeconsultanta.ro-Performance-on-Search-2026-07-12 (1).zip","Last 28 days","2026-06-13","2026-07-10","https://atelierdeconsultanta.ro/fonduri-europene-bucuresti","0","3","0","22.33","false","false"
"atelierdeconsultanta.ro-Performance-on-Search-2026-07-12 (1).zip","Last 28 days","2026-06-13","2026-07-10","https://atelierdeconsultanta.ro/fonduri-europene-caen/6201-dezvoltare-software","0","3","0","7.67","true","false"
"atelierdeconsultanta.ro-Performance-on-Search-2026-07-12 (1).zip","Last 28 days","2026-06-13","2026-07-10","https://atelierdeconsultanta.ro/fonduri-europene-digitalizare","0","3","0","8.67","true","false"
"atelierdeconsultanta.ro-Performance-on-Search-2026-07-12 (1).zip","Last 28 days","2026-06-13","2026-07-10","https://atelierdeconsultanta.ro/start-up-nation-2026-plan-de-afaceri","0","3","0","7.33","true","false"
"atelierdeconsultanta.ro-Performance-on-Search-2026-07-12 (1).zip","Last 28 days","2026-06-13","2026-07-10","https://atelierdeconsultanta.ro/consultanta-afir","0","2","0","5.5","false","false"
"atelierdeconsultanta.ro-Performance-on-Search-2026-07-12 (1).zip","Last 28 days","2026-06-13","2026-07-10","https://atelierdeconsultanta.ro/consultant-fonduri-europene-imm","0","2","0","10.5","true","false"
"atelierdeconsultanta.ro-Performance-on-Search-2026-07-12 (1).zip","Last 28 days","2026-06-13","2026-07-10","https://atelierdeconsultanta.ro/contact","0","2","0","5.5","false","false"
"atelierdeconsultanta.ro-Performance-on-Search-2026-07-12 (1).zip","Last 28 days","2026-06-13","2026-07-10","https://atelierdeconsultanta.ro/fonduri-europene-caen/0111-culturi-cereale","0","2","0","3","false","false"
"atelierdeconsultanta.ro-Performance-on-Search-2026-07-12 (1).zip","Last 28 days","2026-06-13","2026-07-10","https://atelierdeconsultanta.ro/intrebari-frecvente","0","2","0","5.5","false","false"
"atelierdeconsultanta.ro-Performance-on-Search-2026-07-12 (1).zip","Last 28 days","2026-06-13","2026-07-10","https://atelierdeconsultanta.ro/politica-de-confidentialitate","0","2","0","2","false","false"
"atelierdeconsultanta.ro-Performance-on-Search-2026-07-12 (1).zip","Last 28 days","2026-06-13","2026-07-10","https://atelierdeconsultanta.ro/studii-de-caz","1","2","50","7.5","true","false"
"atelierdeconsultanta.ro-Performance-on-Search-2026-07-12 (1).zip","Last 28 days","2026-06-13","2026-07-10","https://atelierdeconsultanta.ro/dr12-afir-tineri-fermieri","0","1","0","11","true","false"
"atelierdeconsultanta.ro-Performance-on-Search-2026-07-12 (1).zip","Last 28 days","2026-06-13","2026-07-10","https://atelierdeconsultanta.ro/finantari-panouri-fotovoltaice","0","1","0","4","false","false"
"atelierdeconsultanta.ro-Performance-on-Search-2026-07-12 (1).zip","Last 28 days","2026-06-13","2026-07-10","https://atelierdeconsultanta.ro/firma-consultanta-fonduri-europene","0","1","0","10","true","false"
"atelierdeconsultanta.ro-Performance-on-Search-2026-07-12 (1).zip","Last 28 days","2026-06-13","2026-07-10","https://atelierdeconsultanta.ro/fondul-de-modernizare-finantari-energie-fotovoltaice-autoconsum","0","1","0","37","false","false"
"atelierdeconsultanta.ro-Performance-on-Search-2026-07-12 (1).zip","Last 28 days","2026-06-13","2026-07-10","https://atelierdeconsultanta.ro/instrumente","0","1","0","10","true","false"
"atelierdeconsultanta.ro-Performance-on-Search-2026-07-12 (1).zip","Last 28 days","2026-06-13","2026-07-10","https://atelierdeconsultanta.ro/startup-nation-2026-conditii","0","1","0","6","true","false"
"atelierdeconsultanta.ro-Performance-on-Search-2026-07-12 (1).zip","Last 28 days","2026-06-13","2026-07-10","https://atelierdeconsultanta.ro/webinarii","0","1","0","10","true","false"
