url,title,h1,primary_intent,cluster,indexable,canonical,status
https://atelierdeconsultanta.ro/,Consultanță și proiectare fonduri europene | FABER,Consultanță și proiectare pentru proiecte cu fonduri europene,consultanta si proiectare pentru proiecte cu fonduri europene,brand-home,true,https://atelierdeconsultanta.ro/,200
https://atelierdeconsultanta.ro/apeluri-gal,Apeluri GAL / LEADER | ghid FABER,Apeluri GAL: ce sunt și cum se verifică,apeluri gal ce sunt si cum se verifica,gal-leader,true,https://atelierdeconsultanta.ro/apeluri-gal,200
https://atelierdeconsultanta.ro/consultanta-fonduri-europene,Consultanță fonduri europene pentru proiecte | FABER,Consultanță pentru accesarea fondurilor europene,consultanta pentru accesarea fondurilor europene,servicii,true,https://atelierdeconsultanta.ro/consultanta-fonduri-europene,200
https://atelierdeconsultanta.ro/digitalizare-imm,Digitalizare IMM | ghid digitalizare,"Digitalizare IMM: hub pentru proiecte, buget IT și consultanță",digitalizare imm hub pentru proiecte buget it si consultanta,digitalizare-pnrr,true,https://atelierdeconsultanta.ro/digitalizare-imm,200
https://atelierdeconsultanta.ro/dr12-afir,DR12 AFIR | consolidarea exploatatiilor tinerilor fermieri,DR12 AFIR: consolidarea exploatatiilor tinerilor fermieri,dr12 afir consolidarea exploatatiilor tinerilor fermieri,afir-agricultura,true,https://atelierdeconsultanta.ro/dr12-afir,200
https://atelierdeconsultanta.ro/dr14,DR 14 AFIR | ghid AFIR,DR14 AFIR: investiții pentru ferme mici,dr14 afir investitii pentru ferme mici,afir-agricultura,true,https://atelierdeconsultanta.ro/dr14,200
https://atelierdeconsultanta.ro/e-move,e-MOVE RO | ghid FABER,"e-MOVE RO: statii de încărcare, energie regenerabilă și stocare",e move ro statii de incarcare energie regenerabila si stocare,energie,true,https://atelierdeconsultanta.ro/e-move,200
https://atelierdeconsultanta.ro/fonduri-europene,Fonduri europene 2026: programe și eligibilitate | FABER,"Fonduri europene pentru firme, fermieri și instituții",fonduri europene pentru firme fermieri si institutii,fonduri-europene-editorial,true,https://atelierdeconsultanta.ro/fonduri-europene,200
https://atelierdeconsultanta.ro/investitii-modernizarea-microintreprinderilor-apel-2,Modernizarea microîntreprinderilor – Apel 2 Nord-Est: ghid practic,Modernizarea microîntreprinderilor – Apel 2 Nord-Est: Ghid practic pentru antreprenori,modernizarea microintreprinderilor apel 2 nord est ghid practic pentru antreprenori,energie,true,https://atelierdeconsultanta.ro/investitii-modernizarea-microintreprinderilor-apel-2,200
https://atelierdeconsultanta.ro/management-proiecte-fonduri-europene,Management proiecte cu fonduri europene | FABER,Managementul proiectelor finanțate din fonduri europene,managementul proiectelor finantate din fonduri europene,servicii,true,https://atelierdeconsultanta.ro/management-proiecte-fonduri-europene,200
https://atelierdeconsultanta.ro/plan-de-afaceri-fonduri-europene,Plan de afaceri pentru fonduri europene | FABER,Plan de afaceri pentru proiecte finanțate,plan de afaceri pentru proiecte finantate,servicii,true,https://atelierdeconsultanta.ro/plan-de-afaceri-fonduri-europene,200
https://atelierdeconsultanta.ro/pocidif-21,PoCIDIF 2.1 | inovare digitală IMM TIC,PoCIDIF 2.1 – Granturi pentru inovare digitală în IMM‑urile TIC,pocidif 2 1 granturi pentru inovare digitala in imm urile tic,digitalizare-pnrr,true,https://atelierdeconsultanta.ro/pocidif-21,200
https://atelierdeconsultanta.ro/pro-infra,PRO INFRA 2026 | ghid FABER,PRO INFRA: producție pentru infrastructura de transport,pro infra productie pentru infrastructura de transport,energie,true,https://atelierdeconsultanta.ro/pro-infra,200
https://atelierdeconsultanta.ro/programul-tranzitie-justa,"Programul Tranziție Justă | verificare eligibilitate, regiuni și pași","Programul Tranziție Justă: verificare eligibilitate, regiuni și pași",programul tranzitie justa verificare eligibilitate regiuni si pasi,fonduri-europene-editorial,true,https://atelierdeconsultanta.ro/programul-tranzitie-justa,200
https://atelierdeconsultanta.ro/programul-tranzitie-justa-intrebari-documente,Programul Tranziție Justă: întrebări și documente pentru verificare,Programul Tranziție Justă: întrebări și documente pentru verificare,programul tranzitie justa intrebari si documente pentru verificare,fonduri-europene-editorial,true,https://atelierdeconsultanta.ro/programul-tranzitie-justa-intrebari-documente,200
https://atelierdeconsultanta.ro/proiectare-fonduri-europene,"Proiectare fonduri europene: SF, DALI și planuri | FABER",Proiectare pentru investiții finanțate din fonduri europene,proiectare pentru investitii finantate din fonduri europene,servicii,true,https://atelierdeconsultanta.ro/proiectare-fonduri-europene,200
https://atelierdeconsultanta.ro/start-up-nation-2026,Start-Up Nation 2026 | ghid Start-Up Nation,Start-Up Nation 2026: ghid central pentru pregătirea dosarului,start up nation ghid central pentru pregatirea dosarului,start-up-nation,true,https://atelierdeconsultanta.ro/start-up-nation-2026,200
https://atelierdeconsultanta.ro/studiu-fezabilitate-fonduri-europene,Studiu de fezabilitate pentru fonduri europene | FABER,Studiu de fezabilitate pentru proiecte cu fonduri europene,studiu de fezabilitate pentru proiecte cu fonduri europene,servicii,true,https://atelierdeconsultanta.ro/studiu-fezabilitate-fonduri-europene,200
https://atelierdeconsultanta.ro/blog,"Blog fonduri europene, AFIR și granturi IMM | FABER","Blog despre fonduri europene, finanțări nerambursabile și programe pentru beneficiari reali",blog despre fonduri europene finantari nerambursabile si programe pentru beneficiari reali,fonduri-europene-editorial,true,https://atelierdeconsultanta.ro/blog,200
https://atelierdeconsultanta.ro/despre-faber,Despre FABER | Atelier de Consultanță,Despre FABER - Atelier de Consultanță,despre,incredere-resurse,true,https://atelierdeconsultanta.ro/despre-faber,200
https://atelierdeconsultanta.ro/glosar-fonduri-europene,Glosar fonduri europene: termeni explicati simplu,Glosar fonduri europene: termeni explicati simplu,glosar fonduri europene termeni explicati simplu,incredere-resurse,true,https://atelierdeconsultanta.ro/glosar-fonduri-europene,200
https://atelierdeconsultanta.ro/metodologie-verificare-eligibilitate,Metodologia FABER pentru verificarea eligibilitatii la fonduri europene,Metodologia FABER pentru verificarea eligibilitatii la fonduri europene,metodologia pentru verificarea eligibilitatii la fonduri europene,servicii,true,https://atelierdeconsultanta.ro/metodologie-verificare-eligibilitate,200
https://atelierdeconsultanta.ro/studii-de-caz-fonduri-europene,Studii de caz anonimizate: proiecte pregătite pentru fonduri europene,Studii de caz anonimizate: proiecte pregătite pentru fonduri europene,studii de caz anonimizate proiecte pregatite pentru fonduri europene,incredere-resurse,true,https://atelierdeconsultanta.ro/studii-de-caz-fonduri-europene,200
https://atelierdeconsultanta.ro/surse-oficiale-fonduri-europene,Surse oficiale pentru fonduri europene și finanțări nerambursabile,Surse oficiale pentru fonduri europene și finanțări nerambursabile,surse oficiale pentru fonduri europene si finantari nerambursabile,incredere-resurse,true,https://atelierdeconsultanta.ro/surse-oficiale-fonduri-europene,200
https://atelierdeconsultanta.ro/acte-necesare-fonduri-europene-nerambursabile,acte necesare fonduri europene | ghid FABER,Acte necesare pentru fonduri europene nerambursabile,acte necesare pentru fonduri europene nerambursabile,fonduri-europene-editorial,true,https://atelierdeconsultanta.ro/acte-necesare-fonduri-europene-nerambursabile,200
https://atelierdeconsultanta.ro/afir,"AFIR | calculator SO, DR12, DR14 și GAL","AFIR: calculator SO, programe și verificare dosar",afir calculator so programe si verificare dosar,afir-agricultura,true,https://atelierdeconsultanta.ro/afir,200
https://atelierdeconsultanta.ro/afir-autoconsum-agroalimentar,AFIR autoconsum agroalimentar | panouri fotovoltaice și fonduri AFIR,AFIR Autoconsum Agroalimentar – energie regenerabilă pentru ferme și procesatori,afir autoconsum agroalimentar energie regenerabila pentru ferme si procesatori,afir-agricultura,true,https://atelierdeconsultanta.ro/afir-autoconsum-agroalimentar,200
https://atelierdeconsultanta.ro/autoconsum-public-fotovoltaice-institutii-publice,Autoconsum public fotovoltaice | ghid energie,Autoconsum public fotovoltaice pentru instituții publice,autoconsum public fotovoltaice pentru institutii publice,energie,true,https://atelierdeconsultanta.ro/autoconsum-public-fotovoltaice-institutii-publice,200
https://atelierdeconsultanta.ro/blog-afir-fotovoltaice-ferme-2026,AFIR fotovoltaice ferme | autoconsum,AFIR fotovoltaice pentru ferme: autoconsum și verificări,afir fotovoltaice pentru ferme autoconsum si verificari,afir-agricultura,true,https://atelierdeconsultanta.ro/blog-afir-fotovoltaice-ferme-2026,200
https://atelierdeconsultanta.ro/calculator-soc,calculator SO AFIR | ghid AFIR,Calculator SO/SOC pentru AFIR DR12 și DR14,calculator so soc pentru afir dr12 si dr14,afir-agricultura,true,https://atelierdeconsultanta.ro/calculator-soc,200
https://atelierdeconsultanta.ro/calendar-fonduri-europene,Calendar fonduri europene | pregătire,Calendar fonduri europene: pregătire fără grabă,calendar fonduri europene pregatire fara graba,fonduri-europene-editorial,true,https://atelierdeconsultanta.ro/calendar-fonduri-europene,200
https://atelierdeconsultanta.ro/cand-merita-consultant-fonduri-europene,când merita consultant fonduri europene | consultanță fonduri,Când merită să lucrezi cu un consultant pentru fonduri europene,cand merita sa lucrezi cu un consultant pentru fonduri europene,servicii,true,https://atelierdeconsultanta.ro/cand-merita-consultant-fonduri-europene,200
https://atelierdeconsultanta.ro/cat-costa-consultanta-fonduri-europene,Cât costa consultanță fonduri europene - factori și etape,Cât costa consultanță pentru fonduri europene,cat costa consultanta pentru fonduri europene,servicii,true,https://atelierdeconsultanta.ro/cat-costa-consultanta-fonduri-europene,200
https://atelierdeconsultanta.ro/cat-costa-consultanta-fonduri-europene-ghid,cât costa consultanță fonduri europene | consultanță fonduri,Ghid: cât costă consultanța pentru fonduri europene,ghid cat costa consultanta pentru fonduri europene,servicii,true,https://atelierdeconsultanta.ro/cat-costa-consultanta-fonduri-europene-ghid,200
https://atelierdeconsultanta.ro/ce-acte-sunt-necesare-fonduri-europene,Checklist acte fonduri europene 2026 | ghid dosar,Ce acte sunt necesare pentru fonduri europene?,ce acte sunt necesare pentru fonduri europene,fonduri-europene-editorial,true,https://atelierdeconsultanta.ro/ce-acte-sunt-necesare-fonduri-europene,200
https://atelierdeconsultanta.ro/cheltuieli-eligibile-digitalizare-imm,cheltuieli eligibile digitalizare IMM | ghid digitalizare,"Ce poți cumpăra prin Digitalizare IMM: software, hardware, securitate și servicii",ce poti cumpara prin digitalizare imm software hardware securitate si servicii,digitalizare-pnrr,true,https://atelierdeconsultanta.ro/cheltuieli-eligibile-digitalizare-imm,200
https://atelierdeconsultanta.ro/cod-caen-start-up-nation-2026,cod CAEN Start-Up Nation | ghid Start-Up Nation,Cod CAEN Start Up Nation 2026: cum verifici activitatea eligibila,cod caen start up nation cum verifici activitatea eligibila,start-up-nation,true,https://atelierdeconsultanta.ro/cod-caen-start-up-nation-2026,200
https://atelierdeconsultanta.ro/consultant-fonduri-europene-imm,Consultant fonduri europene IMM - verificare și dosar,Consultant fonduri europene pentru IMM-uri,consultant fonduri europene pentru imm uri,servicii,true,https://atelierdeconsultanta.ro/consultant-fonduri-europene-imm,200
https://atelierdeconsultanta.ro/consultanta-afir,"Consultanță AFIR - DR12, DR14 și proiecte agricole",Consultanță AFIR,consultanta afir,servicii,true,https://atelierdeconsultanta.ro/consultanta-afir,200
https://atelierdeconsultanta.ro/consultanta-fonduri-europene-bucuresti,Consultanță fonduri europene București,Consultanță fonduri europene București,consultanta fonduri europene bucuresti,servicii,true,https://atelierdeconsultanta.ro/consultanta-fonduri-europene-bucuresti,200
https://atelierdeconsultanta.ro/consultanta-pnrr-digitalizare,Consultanță PNRR Digitalizare | verificare proiect IMM,Consultanță PNRR digitalizare,consultanta pnrr digitalizare,servicii,true,https://atelierdeconsultanta.ro/consultanta-pnrr-digitalizare,200
https://atelierdeconsultanta.ro/consultanta-start-up-nation-2026,Consultanță Start-Up Nation 2026 | verificare dosar,"Consultanță Start-Up Nation 2026: CAEN, plan și dosar",consultanta start up nation caen plan si dosar,servicii,true,https://atelierdeconsultanta.ro/consultanta-start-up-nation-2026,200
https://atelierdeconsultanta.ro/contact,Contact FABER | verificare eligibilitate,Contact FABER,contact,fonduri-europene-editorial,true,https://atelierdeconsultanta.ro/contact,200
https://atelierdeconsultanta.ro/cum-alegi-consultant-fonduri-europene,Cum alegi consultant fonduri europene - criterii utile,Cum alegi un consultant pentru fonduri europene,cum alegi un consultant pentru fonduri europene,servicii,true,https://atelierdeconsultanta.ro/cum-alegi-consultant-fonduri-europene,200
https://atelierdeconsultanta.ro/cum-alegi-programul-potrivit-fonduri-europene-2026,fonduri europene 2026 | ghid FABER,Cum alegi programul potrivit de fonduri europene în 2026,cum alegi programul potrivit de fonduri europene in,fonduri-europene-editorial,true,https://atelierdeconsultanta.ro/cum-alegi-programul-potrivit-fonduri-europene-2026,200
https://atelierdeconsultanta.ro/cum-se-calculeaza-cofinantarea-fonduri-europene,cofinanțare fonduri europene | ghid FABER,Cum se calculează cofinanțarea la fonduri europene,cum se calculeaza cofinantarea la fonduri europene,fonduri-europene-editorial,true,https://atelierdeconsultanta.ro/cum-se-calculeaza-cofinantarea-fonduri-europene,200
https://atelierdeconsultanta.ro/cum-se-verifica-eligibilitatea-fonduri-europene,verificare eligibilitate fonduri europene | ghid FABER,Cum se verifică eligibilitatea pentru fonduri europene,cum se verifica eligibilitatea pentru fonduri europene,servicii,true,https://atelierdeconsultanta.ro/cum-se-verifica-eligibilitatea-fonduri-europene,200
https://atelierdeconsultanta.ro/digitalizare-imm-erp-crm-cloud,digitalizare IMM ERP CRM cloud | ghid digitalizare,"ERP, CRM și cloud în proiectele de digitalizare IMM",erp crm si cloud in proiectele de digitalizare imm,digitalizare-pnrr,true,https://atelierdeconsultanta.ro/digitalizare-imm-erp-crm-cloud,200
https://atelierdeconsultanta.ro/digitalizare-imm-pnrr,Digitalizare IMM PNRR | pagina aplicată pentru proiecte digitale,Digitalizare IMM / PNRR: pagina aplicată pentru proiecte digitale,digitalizare imm pnrr pagina aplicata pentru proiecte digitale,digitalizare-pnrr,true,https://atelierdeconsultanta.ro/digitalizare-imm-pnrr,200
https://atelierdeconsultanta.ro/dr-12-afir-instalarea-tinerilor-fermieri,DR 12 AFIR tineri fermieri | documente și riscuri,DR12 pentru tineri fermieri instalați,dr12 pentru tineri fermieri instalati,afir-agricultura,true,https://atelierdeconsultanta.ro/dr-12-afir-instalarea-tinerilor-fermieri,200
https://atelierdeconsultanta.ro/dr-14-afir-conditii-eligibilitate-greseli-frecvente,DR 14 AFIR ferme mici | eligibilitate și greșeli,"DR14 AFIR: condiții, eligibilitate și greșeli frecvente",dr14 afir conditii eligibilitate si greseli frecvente,servicii,true,https://atelierdeconsultanta.ro/dr-14-afir-conditii-eligibilitate-greseli-frecvente,200
https://atelierdeconsultanta.ro/dr12-vs-dr14,DR12 vs DR14 | ghid AFIR,DR12 sau DR14: ce program AFIR se potrivește fermei?,dr12 sau dr14 ce program afir se potriveste fermei,afir-agricultura,true,https://atelierdeconsultanta.ro/dr12-vs-dr14,200
https://atelierdeconsultanta.ro/dr14-afir-ferme-mici,DR14 AFIR ferme mici | ghid AFIR,DR14 AFIR ferme mici: checklist și greșeli frecvente,dr14 afir ferme mici checklist si greseli frecvente,afir-agricultura,true,https://atelierdeconsultanta.ro/dr14-afir-ferme-mici,200
https://atelierdeconsultanta.ro/eligibilitate-fonduri-europene,Eligibilitate fonduri europene | administrativ și tehnic,"Eligibilitate fonduri europene: administrativ, tehnic și punctaj",eligibilitate fonduri europene administrativ tehnic si punctaj,servicii,true,https://atelierdeconsultanta.ro/eligibilitate-fonduri-europene,200
https://atelierdeconsultanta.ro/femeia-antreprenor-2026,Femeia Antreprenor 2026 | ghid FABER,"Femeia Antreprenor 2026: program, eligibilitate și dosar",femeia antreprenor program eligibilitate si dosar,fonduri-europene-editorial,true,https://atelierdeconsultanta.ro/femeia-antreprenor-2026,200
https://atelierdeconsultanta.ro/femeia-antreprenor-2026-conditii-idei-afaceri,Femeia Antreprenor 2026 | condiții și idei,Condiții și idei de afaceri pentru Femeia Antreprenor 2026,conditii si idei de afaceri pentru femeia antreprenor,fonduri-europene-editorial,true,https://atelierdeconsultanta.ro/femeia-antreprenor-2026-conditii-idei-afaceri,200
https://atelierdeconsultanta.ro/finantari-panouri-fotovoltaice,Finantari panouri fotovoltaice - autoconsum și energie,Finantari pentru panouri fotovoltaice,finantari pentru panouri fotovoltaice,energie,true,https://atelierdeconsultanta.ro/finantari-panouri-fotovoltaice,200
https://atelierdeconsultanta.ro/firma-consultanta-fonduri-europene,Firmă consultanță fonduri europene - criterii și servicii,Firmă de consultanță pentru fonduri europene,firma de consultanta pentru fonduri europene,servicii,true,https://atelierdeconsultanta.ro/firma-consultanta-fonduri-europene,200
https://atelierdeconsultanta.ro/fondul-de-modernizare,Fondul de Modernizare | hub energie și apeluri,Fondul de Modernizare: hub pentru apeluri de energie,fondul de modernizare hub pentru apeluri de energie,energie,true,https://atelierdeconsultanta.ro/fondul-de-modernizare,200
https://atelierdeconsultanta.ro/fondul-de-modernizare-finantari-energie-fotovoltaice-autoconsum,fondul de modernizare | ghid energie,Fondul de Modernizare: proiecte de fotovoltaice și autoconsum,fondul de modernizare proiecte de fotovoltaice si autoconsum,energie,true,https://atelierdeconsultanta.ro/fondul-de-modernizare-finantari-energie-fotovoltaice-autoconsum,200
https://atelierdeconsultanta.ro/fondul-modernizare-energie-regenerabila-2026,Fondul pentru Modernizare 2026 | energie regenerabilă,Fondul pentru Modernizare 2026 – Energie regenerabilă: Ghid pentru investitori,fondul pentru modernizare energie regenerabila ghid pentru investitori,energie,true,https://atelierdeconsultanta.ro/fondul-modernizare-energie-regenerabila-2026,200
https://atelierdeconsultanta.ro/fonduri-europene-agricultura,"Fonduri europene pentru agricultura - AFIR, ferme și utilaje",Fonduri europene pentru agricultura,fonduri europene pentru agricultura,afir-agricultura,true,https://atelierdeconsultanta.ro/fonduri-europene-agricultura,200
https://atelierdeconsultanta.ro/fonduri-europene-bucuresti,Fonduri europene București,Fonduri europene București,fonduri europene bucuresti,regional-local,true,https://atelierdeconsultanta.ro/fonduri-europene-bucuresti,200
https://atelierdeconsultanta.ro/fonduri-europene-digitalizare,"Fonduri europene pentru digitalizare - IMM, PNRR, software",Fonduri europene pentru digitalizare,fonduri europene pentru digitalizare,digitalizare-pnrr,true,https://atelierdeconsultanta.ro/fonduri-europene-digitalizare,200
https://atelierdeconsultanta.ro/fonduri-europene-femei-antreprenor,Fonduri europene pentru femei antreprenor | hub IMM,Fonduri europene pentru femei antreprenor: hub de orientare,fonduri europene pentru femei antreprenor hub de orientare,fonduri-europene-editorial,true,https://atelierdeconsultanta.ro/fonduri-europene-femei-antreprenor,200
https://atelierdeconsultanta.ro/fonduri-europene-imm,"Fonduri europene pentru IMM-uri - investiții, digitalizare, energie",Fonduri europene pentru IMM-uri,fonduri europene pentru imm uri,fonduri-europene-editorial,true,https://atelierdeconsultanta.ro/fonduri-europene-imm,200
https://atelierdeconsultanta.ro/fonduri-europene-nerambursabile-2026,Fonduri europene nerambursabile 2026,Fonduri europene nerambursabile 2026,fonduri europene nerambursabile,fonduri-europene-editorial,true,https://atelierdeconsultanta.ro/fonduri-europene-nerambursabile-2026,200
https://atelierdeconsultanta.ro/fonduri-europene-nord-est,"Fonduri europene Nord-Est | Iași, Suceava, Bacău, Botosani, Neamt, Vaslui",Fonduri europene Nord-Est,fonduri europene nord est,regional-local,true,https://atelierdeconsultanta.ro/fonduri-europene-nord-est,200
https://atelierdeconsultanta.ro/fonduri-nerambursabile,"Fonduri nerambursabile | grant, cofinanțare","Fonduri nerambursabile: grant, cofinanțare și obligații",fonduri nerambursabile grant cofinantare si obligatii,fonduri-europene-editorial,true,https://atelierdeconsultanta.ro/fonduri-nerambursabile,200
https://atelierdeconsultanta.ro/fonduri-pentru-ferme,"Fonduri pentru ferme - AFIR, DR12, DR14 și utilaje",Fonduri pentru ferme,fonduri pentru ferme,afir-agricultura,true,https://atelierdeconsultanta.ro/fonduri-pentru-ferme,200
https://atelierdeconsultanta.ro/fonduri-pentru-utilaje-agricole,Fonduri pentru utilaje agricole - eligibilitate și buget,Fonduri pentru utilaje agricole,fonduri pentru utilaje agricole,fonduri-europene-editorial,true,https://atelierdeconsultanta.ro/fonduri-pentru-utilaje-agricole,200
https://atelierdeconsultanta.ro/fonduri-regionale,Fonduri regionale | ADR-uri România și programe regionale,Fonduri regionale: programe regionale 2021-2027,fonduri regionale programe regionale,regional-local,true,https://atelierdeconsultanta.ro/fonduri-regionale,200
https://atelierdeconsultanta.ro/gal-afir,GAL-AFIR / LEADER | ghid AFIR,GAL-AFIR: proiecte LEADER publice și private,gal afir proiecte leader publice si private,afir-agricultura,true,https://atelierdeconsultanta.ro/gal-afir,200
https://atelierdeconsultanta.ro/gdpr,Politica GDPR | FABER – Atelier de Consultanță,Politica GDPR,politica gdpr,legal,true,https://atelierdeconsultanta.ro/gdpr,200
https://atelierdeconsultanta.ro/ghiduri,Ghiduri fonduri europene | bibliotecă FABER,Ghiduri și resurse pentru fonduri europene,ghiduri si resurse pentru fonduri europene,fonduri-europene-editorial,true,https://atelierdeconsultanta.ro/ghiduri,200
https://atelierdeconsultanta.ro/granturi-digitalizare-imm,Granturi Digitalizare IMM 2026 - software și echipamente,Granturi pentru digitalizarea IMM-urilor,granturi pentru digitalizarea imm urilor,digitalizare-pnrr,true,https://atelierdeconsultanta.ro/granturi-digitalizare-imm,200
https://atelierdeconsultanta.ro/greseli-fonduri-europene,Greșeli fonduri europene - ce verifici înainte,Greșeli frecvente la fonduri europene,greseli frecvente la fonduri europene,fonduri-europene-editorial,true,https://atelierdeconsultanta.ro/greseli-fonduri-europene,200
https://atelierdeconsultanta.ro/idei-afaceri-fonduri-europene,Idei de afaceri cu fonduri europene,Idei de afaceri cu fonduri europene,idei de afaceri cu fonduri europene,fonduri-europene-editorial,true,https://atelierdeconsultanta.ro/idei-afaceri-fonduri-europene,200
https://atelierdeconsultanta.ro/instrumente,Instrumente fonduri europene - calculatoare și checklisturi,Instrumente interactive pentru fonduri europene,instrumente interactive pentru fonduri europene,fonduri-europene-editorial,true,https://atelierdeconsultanta.ro/instrumente,200
https://atelierdeconsultanta.ro/intrebari-frecvente,Întrebări frecvente despre fonduri europene,Întrebări frecvente despre fonduri europene,intrebari frecvente despre fonduri europene,fonduri-europene-editorial,true,https://atelierdeconsultanta.ro/intrebari-frecvente,200
https://atelierdeconsultanta.ro/pnrr,PNRR | pagina-cadru pentru apeluri și digitalizare,PNRR: pagina-cadru pentru apeluri și digitalizare,pnrr pagina cadru pentru apeluri si digitalizare,digitalizare-pnrr,true,https://atelierdeconsultanta.ro/pnrr,200
https://atelierdeconsultanta.ro/pnrr-digitalizare-imm-cheltuieli-eligibile,pnrr digitalizare | ghid digitalizare,PNRR Digitalizare IMM: cheltuieli eligibile,pnrr digitalizare imm cheltuieli eligibile,digitalizare-pnrr,true,https://atelierdeconsultanta.ro/pnrr-digitalizare-imm-cheltuieli-eligibile,200
https://atelierdeconsultanta.ro/politica-de-confidentialitate,Politica de Confidențialitate | FABER,Politica de Confidențialitate,politica de confidentialitate,legal,true,https://atelierdeconsultanta.ro/politica-de-confidentialitate,200
https://atelierdeconsultanta.ro/por-adr-nord-est,POR ADR Nord-Est pentru microîntreprinderi,POR ADR Nord-Est pentru microîntreprinderi,por adr nord est pentru microintreprinderi,regional-local,true,https://atelierdeconsultanta.ro/por-adr-nord-est,200
https://atelierdeconsultanta.ro/resurse,Resurse descarcabile fonduri europene - PDF și Excel,Resurse descarcabile pentru pregătirea dosarului,resurse descarcabile pentru pregatirea dosarului,fonduri-europene-editorial,true,https://atelierdeconsultanta.ro/resurse,200
https://atelierdeconsultanta.ro/resurse-utile,Resurse oficiale pentru fonduri europene | FABER,Resurse utile pentru proiecte cu fonduri europene,resurse utile pentru proiecte cu fonduri europene,incredere-resurse,true,https://atelierdeconsultanta.ro/resurse-utile,200
https://atelierdeconsultanta.ro/start-up-nation-2026-cheltuieli-eligibile,cheltuieli eligibile Start-Up Nation | ghid Start-Up Nation,Start Up Nation 2026: cheltuieli eligibile,start up nation cheltuieli eligibile,start-up-nation,true,https://atelierdeconsultanta.ro/start-up-nation-2026-cheltuieli-eligibile,200
https://atelierdeconsultanta.ro/start-up-nation-2026-conditii,Start-Up Nation 2026 condiții | ghid Start-Up Nation,Start-Up Nation 2026: checklist de condiții,start up nation checklist de conditii,start-up-nation,true,https://atelierdeconsultanta.ro/start-up-nation-2026-conditii,200
https://atelierdeconsultanta.ro/start-up-nation-2026-idei-afaceri,start up nation 2026 | ghid FABER,Start Up Nation 2026: idei de afaceri,start up nation idei de afaceri,start-up-nation,true,https://atelierdeconsultanta.ro/start-up-nation-2026-idei-afaceri,200
https://atelierdeconsultanta.ro/start-up-nation-2026-plan-de-afaceri,Start Up Nation 2026 plan de afaceri - structura,Start Up Nation 2026: plan de afaceri,start up nation plan de afaceri,servicii,true,https://atelierdeconsultanta.ro/start-up-nation-2026-plan-de-afaceri,200
https://atelierdeconsultanta.ro/termeni-si-conditii,Termeni și Condiții | FABER – Atelier de Consultanță,Termeni și Condiții,termeni si conditii,legal,true,https://atelierdeconsultanta.ro/termeni-si-conditii,200
https://atelierdeconsultanta.ro/verificare-eligibilitate-fonduri-europene,Verificare eligibilitate fonduri europene,Verificare eligibilitate pentru fonduri europene,verificare eligibilitate pentru fonduri europene,servicii,true,https://atelierdeconsultanta.ro/verificare-eligibilitate-fonduri-europene,200
https://atelierdeconsultanta.ro/webinarii,"Webinarii fonduri europene - evenimente, ghiduri și rezumate",Webinarii și evenimente despre fonduri europene,webinarii si evenimente despre fonduri europene,fonduri-europene-editorial,true,https://atelierdeconsultanta.ro/webinarii,200
https://atelierdeconsultanta.ro/intrebari/ce-cheltuieli-sunt-eligibile-la-digitalizare-imm,Raspuns rapid: Ce cheltuieli sunt eligibile la Digitalizare IMM?,Raspuns rapid: Ce cheltuieli sunt eligibile la Digitalizare IMM?,raspuns rapid ce cheltuieli sunt eligibile la digitalizare imm,digitalizare-pnrr,true,https://atelierdeconsultanta.ro/intrebari/ce-cheltuieli-sunt-eligibile-la-digitalizare-imm,200
https://atelierdeconsultanta.ro/intrebari/ce-documente-sunt-necesare-pentru-dr12,Raspuns rapid: Ce documente sunt necesare pentru DR12?,Raspuns rapid: Ce documente sunt necesare pentru DR12?,raspuns rapid ce documente sunt necesare pentru dr12,afir-agricultura,true,https://atelierdeconsultanta.ro/intrebari/ce-documente-sunt-necesare-pentru-dr12,200
https://atelierdeconsultanta.ro/intrebari/cum-se-calculeaza-cofinantarea-la-fonduri-europene,Raspuns rapid: Cum se calculeaza cofinanțarea la fonduri europene?,Raspuns rapid: Cum se calculeaza cofinanțarea la fonduri europene?,raspuns rapid cum se calculeaza cofinantarea la fonduri europene,fonduri-europene-editorial,true,https://atelierdeconsultanta.ro/intrebari/cum-se-calculeaza-cofinantarea-la-fonduri-europene,200
https://atelierdeconsultanta.ro/fonduri-europene-caen/0111-culturi-cereale,Fonduri europene pentru CAEN 0111 - culturi de cereale,Fonduri europene pentru CAEN 0111 - culturi de cereale,fonduri europene pentru caen 0111 culturi de cereale,fonduri-europene-editorial,true,https://atelierdeconsultanta.ro/fonduri-europene-caen/0111-culturi-cereale,200
https://atelierdeconsultanta.ro/fonduri-europene-caen/4321-instalatii-electrice,Fonduri europene pentru CAEN 4321 - instalații electrice,Fonduri europene pentru CAEN 4321 - instalații electrice,fonduri europene pentru caen 4321 instalatii electrice,fonduri-europene-editorial,true,https://atelierdeconsultanta.ro/fonduri-europene-caen/4321-instalatii-electrice,200
https://atelierdeconsultanta.ro/fonduri-europene-caen/5610-restaurante,Fonduri europene pentru CAEN 5610 - restaurante și servicii alimentare,Fonduri europene pentru CAEN 5610 - restaurante și servicii alimentare,fonduri europene pentru caen 5610 restaurante si servicii alimentare,fonduri-europene-editorial,true,https://atelierdeconsultanta.ro/fonduri-europene-caen/5610-restaurante,200
https://atelierdeconsultanta.ro/fonduri-europene-caen/6201-dezvoltare-software,Fonduri europene pentru CAEN 6201 - dezvoltare software,Fonduri europene pentru CAEN 6201 - dezvoltare software,fonduri europene pentru caen 6201 dezvoltare software,fonduri-europene-editorial,true,https://atelierdeconsultanta.ro/fonduri-europene-caen/6201-dezvoltare-software,200
