"url","route","source_file","template_or_generator","h1","title","description","canonical","structured_data_types","primary_cta","internal_link_count","form_count","robots","index_status"
"https://atelierdeconsultanta.ro/","/","index.html","HTML static manual","Consultanță fonduri europene cu eligibilitate verificată","FABER | Consultanță fonduri europene","FABER verifică eligibilitatea, programul potrivit și dosarul pentru firme, fermieri, IMM-uri, start-up-uri și instituții publice.","https://atelierdeconsultanta.ro/","Organization; WebSite; WebPage; BreadcrumbList; FAQPage","Solicită verificare eligibilitate","42","2","index, follow","indexable"
"https://atelierdeconsultanta.ro/apeluri-gal","/apeluri-gal","apeluri-gal/index.html","config/seo-programs.json + tools/generate-program-pages.js","Apeluri GAL: ce sunt și cum se verifică","Apeluri GAL | cum se verifică","Apeluri GAL: ce sunt, cum identifici GAL-ul local, cum citești SDL, fișa intervenției, ghidul local, criteriile și bugetul.","https://atelierdeconsultanta.ro/apeluri-gal","Organization; WebSite; WebPage; BreadcrumbList; FAQPage; Article; GovernmentService","Solicită verificare eligibilitate","11","0","index, follow","indexable"
"https://atelierdeconsultanta.ro/consultanta-fonduri-europene","/consultanta-fonduri-europene","consultanta-fonduri-europene/index.html","config/seo-programs.json + tools/generate-program-pages.js","Consultanță pentru fonduri europene","Consultanță fonduri europene | FABER","Consultanță pentru fonduri europene: eligibilitate, program potrivit, strategie de punctaj, dosar, clarificări și implementare.","https://atelierdeconsultanta.ro/consultanta-fonduri-europene","Organization; WebSite; WebPage; BreadcrumbList; FAQPage; Article; Service","Solicită verificare eligibilitate","25","0","index, follow","indexable"
"https://atelierdeconsultanta.ro/digitalizare-imm","/digitalizare-imm","digitalizare-imm/index.html","config/seo-programs.json + tools/generate-program-pages.js","Digitalizare IMM: ERP, CRM, cloud și securitate","Digitalizare IMM | ERP, CRM, cloud","Digitalizare IMM: ERP, CRM, cloud, securitate cibernetică, echipamente IT, servicii și legătura cheltuielilor cu activitatea firmei.","https://atelierdeconsultanta.ro/digitalizare-imm","Organization; WebSite; WebPage; BreadcrumbList; FAQPage; Article; GovernmentService","Solicită verificare eligibilitate","16","0","index, follow","indexable"
"https://atelierdeconsultanta.ro/dr12-afir","/dr12-afir","dr12-afir/index.html","config/seo-programs.json + tools/generate-program-pages.js","DR12 AFIR: consolidarea exploatatiilor tinerilor fermieri","DR12 AFIR | consolidarea exploatatiilor tinerilor fermieri","DR12 AFIR explicat practic: cine poate aplica, finanțare maxima, intensitate, condiții de exploatație, documente și riscuri de eligibilitate pentru tineri fermieri.","https://atelierdeconsultanta.ro/dr12-afir","Organization; WebSite; WebPage; BreadcrumbList; FAQPage; Article; GovernmentService","Solicită verificare eligibilitate","14","0","index, follow","indexable"
"https://atelierdeconsultanta.ro/dr14","/dr14","dr14/index.html","config/seo-programs.json + tools/generate-program-pages.js","DR14 AFIR: investiții pentru ferme mici","DR14 AFIR | investiții pentru ferme mici","DR14 AFIR explicat pentru ferme mici: cine poate aplica, pragul de 50.000 euro, intensitate de până la 85%, documente, SO și riscuri de eligibilitate.","https://atelierdeconsultanta.ro/dr14","Organization; WebSite; WebPage; BreadcrumbList; FAQPage; Article; GovernmentService","Solicită verificare eligibilitate","13","0","index, follow","indexable"
"https://atelierdeconsultanta.ro/e-move","/e-move","e-move/index.html","config/seo-programs.json + tools/generate-program-pages.js","e-MOVE RO: statii de încărcare, energie regenerabilă și stocare","e-MOVE RO | statii de încărcare și energie regenerabilă","e-MOVE RO explicat: finanțare pentru infrastructura de încărcare electrică, producție de energie regenerabilă și stocare, solicitanti eligibili și documente.","https://atelierdeconsultanta.ro/e-move","Organization; WebSite; WebPage; BreadcrumbList; FAQPage; Article; GovernmentService","Solicită verificare eligibilitate","13","0","index, follow","indexable"
"https://atelierdeconsultanta.ro/fonduri-europene","/fonduri-europene","fonduri-europene/index.html","config/seo-programs.json + tools/generate-program-pages.js","Fonduri europene: programe, eligibilitate și ghiduri","Fonduri europene pentru firme și fermieri","Hub pentru fonduri europene: programe pentru IMM-uri, fermieri, instituții publice, energie, digitalizare, GAL, AFIR și PNRR.","https://atelierdeconsultanta.ro/fonduri-europene","Organization; WebSite; WebPage; BreadcrumbList; FAQPage; Article","Solicită verificare eligibilitate","22","0","index, follow","indexable"
"https://atelierdeconsultanta.ro/investitii-modernizarea-microintreprinderilor-apel-2","/investitii-modernizarea-microintreprinderilor-apel-2","investitii-modernizarea-microintreprinderilor-apel-2/index.html","config/seo-programs.json + tools/generate-program-pages.js","Modernizarea microintreprinderilor - Apel 2 Nord-Est","Modernizarea microintreprinderilor Apel 2 | Nord-Est","Programul Regional Nord-Est Apel 2 pentru modernizarea microintreprinderilor: grant 100.000-300.000 euro, intensitate 90%, eligibilitate și documente.","https://atelierdeconsultanta.ro/investitii-modernizarea-microintreprinderilor-apel-2","Organization; WebSite; WebPage; BreadcrumbList; FAQPage; Article; GovernmentService","Solicită verificare eligibilitate","13","0","index, follow","indexable"
"https://atelierdeconsultanta.ro/pocidif-21","/pocidif-21","pocidif-21/index.html","config/seo-programs.json + tools/generate-program-pages.js","PoCIDIF 2.1: inovare și tehnologii avansate pentru IMM din TIC","PoCIDIF 2.1 | inovare digitala pentru IMM din TIC","PoCIDIF 2.1 explicat: granturi pentru dezvoltarea de servicii, aplicatii și produse digitale inovatoare de către IMM din sectorul TIC.","https://atelierdeconsultanta.ro/pocidif-21","Organization; WebSite; WebPage; BreadcrumbList; FAQPage; Article; GovernmentService","Solicită verificare eligibilitate","15","0","index, follow","indexable"
"https://atelierdeconsultanta.ro/pro-infra","/pro-infra","pro-infra/index.html","config/seo-programs.json + tools/generate-program-pages.js","PRO INFRA: producție pentru infrastructura de transport","PRO INFRA | producție pentru infrastructura de transport","PRO INFRA explicat: finanțare pentru producție, materiale, echipamente și tehnologii necesare infrastructurii de transport, cu grant maxim consultativ de 15 milioane euro.","https://atelierdeconsultanta.ro/pro-infra","Organization; WebSite; WebPage; BreadcrumbList; FAQPage; Article; GovernmentService","Solicită verificare eligibilitate","14","0","index, follow","indexable"
"https://atelierdeconsultanta.ro/start-up-nation-2026","/start-up-nation-2026","start-up-nation-2026/index.html","config/seo-programs.json + tools/generate-program-pages.js","Start-Up Nation: condiții, cheltuieli eligibile și plan de afaceri","Start-Up Nation | condiții, cheltuieli eligibile și plan","Start-Up Nation explicat pe baza regulilor publicate pentru editia 2024: grant 250.000 lei, intensitate 90%, locuri de munca, cheltuieli și verificări utile.","https://atelierdeconsultanta.ro/start-up-nation-2026","Organization; WebSite; WebPage; BreadcrumbList; FAQPage; Article; GovernmentService","Solicită verificare eligibilitate","12","0","index, follow","indexable"
"https://atelierdeconsultanta.ro/blog","/blog","blog/index.html","HTML static manual","Blog despre fonduri europene, finanțări nerambursabile și programe pentru beneficiari reali","Blog fonduri europene | FABER","Articole FABER despre fonduri europene, AFIR, GAL, Start-Up Nation, digitalizare, energie, documente, cofinanțare și riscuri.","https://atelierdeconsultanta.ro/blog","Blog; FAQPage","Verifică situația ta concretă","38","0","index, follow","indexable"
"https://atelierdeconsultanta.ro/despre-faber","/despre-faber","despre-faber/index.html","HTML static sau output generator existent","Despre FABER - Atelier de Consultanță","Despre FABER | Atelier de Consultanță","Despre FABER - Atelier de Consultanță: eligibilitate verificată, program potrivit, dosar coerent și prudență editorială.","https://atelierdeconsultanta.ro/despre-faber","Organization; WebSite; AboutPage; BreadcrumbList; FAQPage","Contact","10","0","index, follow","indexable"
"https://atelierdeconsultanta.ro/glosar-fonduri-europene","/glosar-fonduri-europene","glosar-fonduri-europene/index.html","HTML static sau output generator existent","Glosar fonduri europene: termeni explicati simplu","Glosar fonduri europene: termeni explicati simplu","Glosar fonduri europene cu definitii scurte pentru solicitant, beneficiar, eligibilitate, cofinanțare, punctaj, CAEN, IMM, ajutor de minimis și ajutor de stat.","https://atelierdeconsultanta.ro/glosar-fonduri-europene","Organization; WebSite; WebPage; DefinedTermSet; BreadcrumbList","Solicită verificare eligibilitate","11","0","index, follow","indexable"
"https://atelierdeconsultanta.ro/metodologie-verificare-eligibilitate","/metodologie-verificare-eligibilitate","metodologie-verificare-eligibilitate/index.html","HTML static sau output generator existent","Metodologia FABER pentru verificarea eligibilitatii la fonduri europene","Metodologia FABER pentru verificarea eligibilitatii la fonduri europene","Metodologia FABER pentru verificarea eligibilitatii la fonduri europene: CAEN, forma juridică, vechime, datorii, punctaj, cofinanțare, spațiu și riscuri.","https://atelierdeconsultanta.ro/metodologie-verificare-eligibilitate","Organization; WebSite; Article; WebPage; BreadcrumbList; FAQPage","Solicită verificare eligibilitate","11","0","index, follow","indexable"
"https://atelierdeconsultanta.ro/surse-oficiale-fonduri-europene","/surse-oficiale-fonduri-europene","surse-oficiale-fonduri-europene/index.html","HTML static sau output generator existent","Surse oficiale pentru fonduri europene și finanțări nerambursabile","Surse oficiale pentru fonduri europene și finanțări nerambursabile","Tabel cu surse oficiale pentru fonduri europene și finanțări nerambursabile: AFIR, MIPE, ADR Nord-Est, PNRR, Start-Up Nation și alte institutii.","https://atelierdeconsultanta.ro/surse-oficiale-fonduri-europene","Organization; WebSite; CollectionPage; ItemList; FAQPage; BreadcrumbList","Solicită verificare eligibilitate","14","0","index, follow","indexable"
"https://atelierdeconsultanta.ro/acte-necesare-fonduri-europene-nerambursabile","/acte-necesare-fonduri-europene-nerambursabile","acte-necesare-fonduri-europene-nerambursabile/index.html","config/seo-programs.json + tools/generate-program-pages.js","Acte necesare pentru fonduri europene nerambursabile","Acte necesare pentru fonduri europene - checklist dosar","Lista de acte necesare pentru fonduri europene: documente firmă, financiare, tehnice, spațiu, oferte, declaratii și greșeli de evitat.","https://atelierdeconsultanta.ro/acte-necesare-fonduri-europene-nerambursabile","Organization; WebSite; WebPage; BreadcrumbList; FAQPage; Article","Solicită verificare eligibilitate","10","0","index, follow","indexable"
"https://atelierdeconsultanta.ro/afir","/afir","afir/index.html","config/seo-programs.json + tools/generate-program-pages.js","AFIR: calculator SO, programe și verificare dosar","AFIR | calculator SO, DR12, DR14 și GAL","Hub AFIR pentru fermieri: calculator SO/SOC, DR12, DR14, GAL-AFIR, autoconsum, documente agricole și rutare prudentă către program.","https://atelierdeconsultanta.ro/afir","Organization; WebSite; WebPage; BreadcrumbList; FAQPage; Article","Solicită verificare eligibilitate","19","0","index, follow","indexable"
"https://atelierdeconsultanta.ro/afir-autoconsum-agroalimentar","/afir-autoconsum-agroalimentar","afir-autoconsum-agroalimentar/index.html","config/seo-programs.json + tools/generate-program-pages.js","AFIR autoconsum agroalimentar","AFIR autoconsum agroalimentar | energie","AFIR autoconsum agroalimentar: beneficiari agricoli și alimentari, punct de producție, consum istoric, amplasament, avize, CAEN și stocare.","https://atelierdeconsultanta.ro/afir-autoconsum-agroalimentar","Organization; WebSite; WebPage; BreadcrumbList; FAQPage; Article; GovernmentService","Solicită verificare eligibilitate","17","0","index, follow","indexable"
"https://atelierdeconsultanta.ro/autoconsum-public-fotovoltaice-institutii-publice","/autoconsum-public-fotovoltaice-institutii-publice","autoconsum-public-fotovoltaice-institutii-publice/index.html","config/seo-programs.json + tools/generate-program-pages.js","Autoconsum public fotovoltaice pentru instituții publice","Autoconsum public fotovoltaice | instituții","Fotovoltaice pentru instituții publice: HCL, consum, amplasament, proprietate sau administrare, avize, buget și diferențe față de agroalimentar.","https://atelierdeconsultanta.ro/autoconsum-public-fotovoltaice-institutii-publice","Organization; WebSite; WebPage; BreadcrumbList; FAQPage; Article; GovernmentService","Solicită verificare eligibilitate","13","0","index, follow","indexable"
"https://atelierdeconsultanta.ro/blog-afir-fotovoltaice-ferme-2026","/blog-afir-fotovoltaice-ferme-2026","blog-afir-fotovoltaice-ferme-2026.html","HTML static root","AFIR fotovoltaice pentru ferme: autoconsum și verificări","AFIR fotovoltaice ferme | autoconsum","Articol AFIR despre fotovoltaice în ferme: eligibilitate, consum, puncte de producție și consum, avize, autoconsum și verificarea ghidului activ.","https://atelierdeconsultanta.ro/blog-afir-fotovoltaice-ferme-2026","Organization; BlogPosting; FAQPage; BreadcrumbList","Solicită verificare eligibilitate","17","0","index, follow","indexable"
"https://atelierdeconsultanta.ro/calculator-soc","/calculator-soc","calculator-soc.html","HTML static root","Calculator SO/SOC pentru AFIR DR12 și DR14","Calculator SO/SOC AFIR | DR12 și DR14","Calculator SO/SOC AFIR 2026 pentru culturi și animale. Estimează dimensiunea economică și verifică orientativ traseul DR12 sau DR14.","https://atelierdeconsultanta.ro/calculator-soc","Organization; WebPage; BreadcrumbList; WebApplication; FAQPage","Verifică eligibilitatea","13","0","index, follow","indexable"
"https://atelierdeconsultanta.ro/calendar-fonduri-europene","/calendar-fonduri-europene","calendar-fonduri-europene/index.html","config/seo-programs.json + tools/generate-program-pages.js","Calendar fonduri europene: pregătire fără grabă","Calendar fonduri europene | pregătire","Calendar fonduri europene: pregătire, apel activ, documente, depunere, clarificări și verificare din timp, fără a înlocui calendarele oficiale.","https://atelierdeconsultanta.ro/calendar-fonduri-europene","Organization; WebSite; WebPage; BreadcrumbList; FAQPage; Article","Solicită verificare eligibilitate","11","0","index, follow","indexable"
"https://atelierdeconsultanta.ro/cand-merita-consultant-fonduri-europene","/cand-merita-consultant-fonduri-europene","cand-merita-consultant-fonduri-europene.html","HTML static root","Când merită să lucrezi cu un consultant pentru fonduri europene","Când merită consultant fonduri europene","Când merită un consultant pentru fonduri europene: ce riscuri reduce, ce documente verifică și când analiza trebuie făcută înainte de dosar.","https://atelierdeconsultanta.ro/cand-merita-consultant-fonduri-europene","BlogPosting","Contact","13","0","index, follow","indexable"
"https://atelierdeconsultanta.ro/cat-costa-consultanta-fonduri-europene","/cat-costa-consultanta-fonduri-europene","cat-costa-consultanta-fonduri-europene/index.html","config/seo-programs.json + tools/generate-program-pages.js","Cât costa consultanță pentru fonduri europene","Cât costa consultanță fonduri europene - factori și etape","Cât costa consultanță pentru fonduri europene: factori, servicii incluse, complexitatea proiectului, buget, implementare și riscuri.","https://atelierdeconsultanta.ro/cat-costa-consultanta-fonduri-europene","Organization; WebSite; WebPage; BreadcrumbList; FAQPage; Article","Solicită verificare eligibilitate","12","0","index, follow","indexable"
"https://atelierdeconsultanta.ro/cat-costa-consultanta-fonduri-europene-ghid","/cat-costa-consultanta-fonduri-europene-ghid","cat-costa-consultanta-fonduri-europene-ghid.html","HTML static root","Ghid: cât costă consultanța pentru fonduri europene","Ghid cost consultanță fonduri europene | FABER","Factorii care influențează costul consultanței: program, complexitate, documente, implementare, clarificări și ofertă finală.","https://atelierdeconsultanta.ro/cat-costa-consultanta-fonduri-europene-ghid","BlogPosting","Contact","15","0","index, follow","indexable"
"https://atelierdeconsultanta.ro/ce-acte-sunt-necesare-fonduri-europene","/ce-acte-sunt-necesare-fonduri-europene","ce-acte-sunt-necesare-fonduri-europene.html","HTML static root","Ce acte sunt necesare pentru fonduri europene?","Ce acte sunt necesare pentru fonduri europene","Checklist scurt pentru acte necesare la fonduri europene: firmă, fermă, spațiu, buget, oferte, declarații și avize.","https://atelierdeconsultanta.ro/ce-acte-sunt-necesare-fonduri-europene","BlogPosting","Contact","16","0","index, follow","indexable"
"https://atelierdeconsultanta.ro/cheltuieli-eligibile-digitalizare-imm","/cheltuieli-eligibile-digitalizare-imm","cheltuieli-eligibile-digitalizare-imm.html","HTML static root","Cheltuieli eligibile pentru Digitalizare IMM: software, hardware, securitate și servicii","Cheltuieli eligibile Digitalizare IMM | FABER","Ghid despre cheltuieli eligibile în proiecte de Digitalizare IMM: software, hardware, securitate, cloud, servicii IT și documente de verificat.","https://atelierdeconsultanta.ro/cheltuieli-eligibile-digitalizare-imm","BlogPosting","Contact","12","0","index, follow","indexable"
"https://atelierdeconsultanta.ro/cod-caen-start-up-nation-2026","/cod-caen-start-up-nation-2026","cod-caen-start-up-nation-2026/index.html","config/seo-programs.json + tools/generate-program-pages.js","Cod CAEN Start Up Nation 2026: cum verifici activitatea eligibila","Cod CAEN Start Up Nation 2026 - verificare activitate","Cod CAEN Start Up Nation 2026: cum verifici activitatea eligibila, autorizarea, bugetul, documentele și riscurile la depunere.","https://atelierdeconsultanta.ro/cod-caen-start-up-nation-2026","Organization; WebSite; WebPage; BreadcrumbList; FAQPage; Article","Solicită verificare eligibilitate","11","0","index, follow","indexable"
"https://atelierdeconsultanta.ro/consultant-fonduri-europene-imm","/consultant-fonduri-europene-imm","consultant-fonduri-europene-imm/index.html","config/seo-programs.json + tools/generate-program-pages.js","Consultant fonduri europene pentru IMM-uri","Consultant fonduri europene IMM - verificare și dosar","Consultant fonduri europene IMM pentru verificare eligibilitate, program potrivit, granturi IMM 2026, buget, documente și depunere.","https://atelierdeconsultanta.ro/consultant-fonduri-europene-imm","Organization; WebSite; WebPage; BreadcrumbList; FAQPage; Article; Service","Solicită verificare eligibilitate","13","0","index, follow","indexable"
"https://atelierdeconsultanta.ro/consultanta-afir","/consultanta-afir","consultanta-afir/index.html","config/seo-programs.json + tools/generate-program-pages.js","Consultanță AFIR","Consultanță AFIR - DR12, DR14 și proiecte agricole","Consultanță AFIR pentru DR12, DR14, ferme mici, tineri fermieri, calculator SO, documente, buget, eligibilitate și depunere.","https://atelierdeconsultanta.ro/consultanta-afir","Organization; WebSite; WebPage; BreadcrumbList; FAQPage; Article; Service","Solicită verificare eligibilitate","15","0","index, follow","indexable"
"https://atelierdeconsultanta.ro/consultanta-fonduri-europene-bucuresti","/consultanta-fonduri-europene-bucuresti","consultanta-fonduri-europene-bucuresti/index.html","HTML static sau output generator existent","Consultanță fonduri europene București","Consultanță fonduri europene București","Consultanță pentru fonduri europene în București: programe active, documente, eligibilitate, buget și pregătirea dosarului.","https://atelierdeconsultanta.ro/consultanta-fonduri-europene-bucuresti","Organization; WebSite; WebPage; BreadcrumbList; Article; FAQPage","Solicită verificare eligibilitate","14","0","index, follow","indexable"
"https://atelierdeconsultanta.ro/consultanta-pnrr-digitalizare","/consultanta-pnrr-digitalizare","consultanta-pnrr-digitalizare/index.html","config/seo-programs.json + tools/generate-program-pages.js","Consultanță PNRR digitalizare","Consultanță PNRR Digitalizare - eligibilitate IMM","Consultanță PNRR Digitalizare pentru IMM: eligibilitate, software, hardware, buget, documente, indicatori și implementare.","https://atelierdeconsultanta.ro/consultanta-pnrr-digitalizare","Organization; WebSite; WebPage; BreadcrumbList; FAQPage; Article; Service","Solicită verificare eligibilitate","12","0","index, follow","indexable"
"https://atelierdeconsultanta.ro/consultanta-start-up-nation-2026","/consultanta-start-up-nation-2026","consultanta-start-up-nation-2026/index.html","config/seo-programs.json + tools/generate-program-pages.js","Consultanță Start-Up Nation 2026: CAEN, plan și dosar","Consultanță Start-Up Nation 2026 - CAEN, plan și dosar","Consultanță Start-Up Nation 2026 pentru verificarea conditiilor, codului CAEN, bugetului, planului de afaceri, documentelor și riscurilor.","https://atelierdeconsultanta.ro/consultanta-start-up-nation-2026","Organization; WebSite; WebPage; BreadcrumbList; FAQPage; Article; Service","Solicită verificare eligibilitate","14","0","index, follow","indexable"
"https://atelierdeconsultanta.ro/contact","/contact","contact/index.html","HTML static manual","Contact FABER","Contact FABER | verificare eligibilitate","Trimite datele proiectului către FABER: solicitant, CAEN, localitate, investiție, buget, cofinanțare și documente disponibile.","https://atelierdeconsultanta.ro/contact","Organization; WebSite; ContactPage; BreadcrumbList; FAQPage","Contact","10","1","index, follow","indexable"
"https://atelierdeconsultanta.ro/cum-alegi-consultant-fonduri-europene","/cum-alegi-consultant-fonduri-europene","cum-alegi-consultant-fonduri-europene/index.html","config/seo-programs.json + tools/generate-program-pages.js","Cum alegi un consultant pentru fonduri europene","Cum alegi consultant fonduri europene - criterii utile","Cum alegi un consultant pentru fonduri europene: experienta, transparenta, servicii, contract, comunicare, riscuri și întrebări utile.","https://atelierdeconsultanta.ro/cum-alegi-consultant-fonduri-europene","Organization; WebSite; WebPage; BreadcrumbList; FAQPage; Article","Solicită verificare eligibilitate","11","0","index, follow","indexable"
"https://atelierdeconsultanta.ro/cum-alegi-programul-potrivit-fonduri-europene-2026","/cum-alegi-programul-potrivit-fonduri-europene-2026","cum-alegi-programul-potrivit-fonduri-europene-2026.html","HTML static root","Cum alegi programul potrivit de fonduri europene în 2026","Cum alegi fonduri europene în 2026","Ghid practic pentru alegerea programului potrivit în 2026: eligibilitate, oportunitate, documente, buget, punctaj și riscuri.","https://atelierdeconsultanta.ro/cum-alegi-programul-potrivit-fonduri-europene-2026","BlogPosting; FAQPage; BreadcrumbList","Solicită verificare eligibilitate","17","0","index, follow","indexable"
"https://atelierdeconsultanta.ro/cum-se-calculeaza-cofinantarea-fonduri-europene","/cum-se-calculeaza-cofinantarea-fonduri-europene","cum-se-calculeaza-cofinantarea-fonduri-europene.html","HTML static root","Cum se calculează cofinanțarea la fonduri europene","Cum se calculează cofinanțarea","Explicație simplă despre grant, contribuție proprie, TVA, cheltuieli neeligibile, cash-flow și exemplu numeric orientativ.","https://atelierdeconsultanta.ro/cum-se-calculeaza-cofinantarea-fonduri-europene","BlogPosting","Contact","15","0","index, follow","indexable"
"https://atelierdeconsultanta.ro/cum-se-verifica-eligibilitatea-fonduri-europene","/cum-se-verifica-eligibilitatea-fonduri-europene","cum-se-verifica-eligibilitatea-fonduri-europene.html","HTML static root","Cum se verifică eligibilitatea pentru fonduri europene","Cum se verifică eligibilitatea","Articol educativ despre verificarea eligibilității: solicitant, CAEN, localitate, documente, investiție, cofinanțare și ghid activ.","https://atelierdeconsultanta.ro/cum-se-verifica-eligibilitatea-fonduri-europene","BlogPosting","Contact","16","0","index, follow","indexable"
"https://atelierdeconsultanta.ro/digitalizare-imm-erp-crm-cloud","/digitalizare-imm-erp-crm-cloud","digitalizare-imm-erp-crm-cloud.html","HTML static root","ERP, CRM și cloud în proiectele de digitalizare IMM","ERP, CRM și cloud pentru digitalizare IMM","Articol aplicat despre ERP, CRM și cloud: ce face fiecare sistem, cum se justifică în proiect și ce trebuie să arate ofertă.","https://atelierdeconsultanta.ro/digitalizare-imm-erp-crm-cloud","BlogPosting","Contact","12","0","index, follow","indexable"
"https://atelierdeconsultanta.ro/digitalizare-imm-pnrr","/digitalizare-imm-pnrr","digitalizare-imm-pnrr/index.html","config/seo-programs.json + tools/generate-program-pages.js","Digitalizare IMM / PNRR","Digitalizare IMM PNRR - software, echipamente și pasi","Digitalizare IMM PNRR: eligibilitate, software, echipamente, servicii digitale, securitate, buget, documente și pasi.","https://atelierdeconsultanta.ro/digitalizare-imm-pnrr","Organization; WebSite; WebPage; BreadcrumbList; FAQPage; Article","Solicită verificare eligibilitate","14","0","index, follow","indexable"
"https://atelierdeconsultanta.ro/dr-12-afir-instalarea-tinerilor-fermieri","/dr-12-afir-instalarea-tinerilor-fermieri","dr-12-afir-instalarea-tinerilor-fermieri.html","HTML static root","DR12 pentru tineri fermieri instalați","DR12 pentru tineri fermieri instalați","DR12 pentru tineri fermieri instalați: diferența față de instalare, documente, SO/SOC, exploatație, investiție și riscuri.","https://atelierdeconsultanta.ro/dr-12-afir-instalarea-tinerilor-fermieri","BlogPosting; FAQPage; BreadcrumbList","Solicită verificare eligibilitate","12","0","index, follow","indexable"
"https://atelierdeconsultanta.ro/dr-14-afir-conditii-eligibilitate-greseli-frecvente","/dr-14-afir-conditii-eligibilitate-greseli-frecvente","dr-14-afir-conditii-eligibilitate-greseli-frecvente.html","HTML static root","DR14 AFIR: condiții, eligibilitate și greșeli frecvente","DR14 AFIR: condiții și greșeli frecvente","DR14 AFIR 2026: condiții, eligibilitate, ghid solicitant, greșeli frecvente, documente agricole, SO/SOC, investiții și cofinanțare.","https://atelierdeconsultanta.ro/dr-14-afir-conditii-eligibilitate-greseli-frecvente","BlogPosting; FAQPage; BreadcrumbList","Verifică eligibilitatea","12","0","index, follow","indexable"
"https://atelierdeconsultanta.ro/dr12-vs-dr14","/dr12-vs-dr14","dr12-vs-dr14.html","HTML static root","DR12 sau DR14: ce program AFIR se potrivește fermei?","DR12 vs DR14 AFIR | comparație","Comparație DR12 vs DR14: beneficiar, SO/SOC, tip investiție, logică program, documente, riscuri și calculator SO/SOC.","https://atelierdeconsultanta.ro/dr12-vs-dr14","BlogPosting; Article; FAQPage","Contact","14","0","index, follow","indexable"
"https://atelierdeconsultanta.ro/dr14-afir-ferme-mici","/dr14-afir-ferme-mici","dr14-afir-ferme-mici/index.html","config/seo-programs.json + tools/generate-program-pages.js","DR14 AFIR ferme mici: checklist și greșeli frecvente","DR14 AFIR ferme mici | checklist practic","Checklist DR14 pentru ferme mici: SO calculat corect, APIA/ANSVSA, investiție corelată, cofinanțare, oferte și greșeli frecvente.","https://atelierdeconsultanta.ro/dr14-afir-ferme-mici","Organization; WebSite; WebPage; BreadcrumbList; FAQPage; Article; GovernmentService","Solicită verificare eligibilitate","18","0","index, follow","indexable"
"https://atelierdeconsultanta.ro/eligibilitate-fonduri-europene","/eligibilitate-fonduri-europene","eligibilitate-fonduri-europene/index.html","config/seo-programs.json + tools/generate-program-pages.js","Eligibilitate fonduri europene: administrativ, tehnic și punctaj","Eligibilitate fonduri europene | administrativ și tehnic","Hub despre eligibilitate: diferența dintre eligibilitate administrativă, tehnică și punctaj, documente, CAEN, cofinanțare și riscuri.","https://atelierdeconsultanta.ro/eligibilitate-fonduri-europene","Organization; WebSite; WebPage; BreadcrumbList; FAQPage; Article","Solicită verificare eligibilitate","10","0","index, follow","indexable"
"https://atelierdeconsultanta.ro/femeia-antreprenor-2026","/femeia-antreprenor-2026","femeia-antreprenor-2026/index.html","config/seo-programs.json + tools/generate-program-pages.js","Femeia Antreprenor 2026: eligibilitate și pregătire","Femeia Antreprenor 2026 | pregătire","Femeia Antreprenor 2026: beneficiari, eligibilitate, idei de investiții, CAEN, documente și pregătire prudentă înainte de lansare.","https://atelierdeconsultanta.ro/femeia-antreprenor-2026","Organization; WebSite; WebPage; BreadcrumbList; FAQPage; Article; GovernmentService","Solicită verificare eligibilitate","11","0","index, follow","indexable"
"https://atelierdeconsultanta.ro/femeia-antreprenor-2026-conditii-idei-afaceri","/femeia-antreprenor-2026-conditii-idei-afaceri","femeia-antreprenor-2026-conditii-idei-afaceri.html","HTML static root","Femeia Antreprenor 2026: condiții, idei de afaceri și pregătire","Femeia Antreprenor 2026 – Condiții și idei","Ghid pentru femeile antreprenor care vor să pregătească o afacere finanțabilă în 2026, cu pași practici și greșeli de evitat.","https://atelierdeconsultanta.ro/femeia-antreprenor-2026-conditii-idei-afaceri","BlogPosting; FAQPage; BreadcrumbList","Solicită verificare eligibilitate","11","0","index, follow","indexable"
"https://atelierdeconsultanta.ro/finantari-panouri-fotovoltaice","/finantari-panouri-fotovoltaice","finantari-panouri-fotovoltaice/index.html","config/seo-programs.json + tools/generate-program-pages.js","Finantari pentru panouri fotovoltaice","Finantari panouri fotovoltaice - autoconsum și energie","Finantari pentru panouri fotovoltaice: autoconsum, energie regenerabilă, Fondul pentru Modernizare, documente, buget și eligibilitate.","https://atelierdeconsultanta.ro/finantari-panouri-fotovoltaice","Organization; WebSite; WebPage; BreadcrumbList; FAQPage; Article","Solicită verificare eligibilitate","13","0","index, follow","indexable"
"https://atelierdeconsultanta.ro/firma-consultanta-fonduri-europene","/firma-consultanta-fonduri-europene","firma-consultanta-fonduri-europene/index.html","config/seo-programs.json + tools/generate-program-pages.js","Firmă de consultanță pentru fonduri europene","Firmă consultanță fonduri europene - criterii și servicii","Cum alegi o firmă de consultanță fonduri europene: servicii, verificare, diferente față de freelancer, documente, buget și implementare.","https://atelierdeconsultanta.ro/firma-consultanta-fonduri-europene","Organization; WebSite; WebPage; BreadcrumbList; FAQPage; Article; Service","Solicită verificare eligibilitate","11","0","index, follow","indexable"
"https://atelierdeconsultanta.ro/fondul-de-modernizare","/fondul-de-modernizare","fondul-de-modernizare/index.html","config/seo-programs.json + tools/generate-program-pages.js","Fondul de Modernizare: index pentru masurile de finanțare","Fondul de Modernizare - energie și finanțări 2026","Fondul de Modernizare: index pentru energie regenerabilă, fotovoltaice, autoconsum, eficiență energetica, documente și programe active.","https://atelierdeconsultanta.ro/fondul-de-modernizare","Organization; WebSite; WebPage; BreadcrumbList; FAQPage; Article","Solicită verificare eligibilitate","13","0","index, follow","indexable"
"https://atelierdeconsultanta.ro/fondul-de-modernizare-finantari-energie-fotovoltaice-autoconsum","/fondul-de-modernizare-finantari-energie-fotovoltaice-autoconsum","fondul-de-modernizare-finantari-energie-fotovoltaice-autoconsum/index.html","config/seo-programs.json + tools/generate-program-pages.js","Fondul de Modernizare: finanțări pentru energie, fotovoltaice și autoconsum","Fondul de Modernizare - energie, fotovoltaice și autoconsum","Ghid Fondul de Modernizare pentru energie, fotovoltaice și autoconsum: eligibilitate, cheltuieli, documente, evaluare și pasi de aplicare.","https://atelierdeconsultanta.ro/fondul-de-modernizare-finantari-energie-fotovoltaice-autoconsum","Organization; WebSite; WebPage; BreadcrumbList; FAQPage; Article; GovernmentService","Solicită verificare eligibilitate","12","0","index, follow","indexable"
"https://atelierdeconsultanta.ro/fondul-modernizare-energie-regenerabila-2026","/fondul-modernizare-energie-regenerabila-2026","fondul-modernizare-energie-regenerabila-2026/index.html","config/seo-programs.json + tools/generate-program-pages.js","Fondul pentru Modernizare: capacitati noi de producere a energiei regenerabile","Fondul pentru Modernizare energie regenerabilă 2026 - ghid proiect","Pagina pentru investiții în noi capacitati de producere a energiei electrice regenerabile: eligibilitate, cheltuieli, documente și aplicare.","https://atelierdeconsultanta.ro/fondul-modernizare-energie-regenerabila-2026","Organization; WebSite; WebPage; BreadcrumbList; FAQPage; Article; GovernmentService","Solicită verificare eligibilitate","11","0","index, follow","indexable"
"https://atelierdeconsultanta.ro/fonduri-europene-agricultura","/fonduri-europene-agricultura","fonduri-europene-agricultura/index.html","config/seo-programs.json + tools/generate-program-pages.js","Fonduri europene pentru agricultura","Fonduri europene pentru agricultura - AFIR, ferme și utilaje","Ghid pentru fonduri europene în agricultura: DR12, DR14, ferme, utilaje, SO, documente, eligibilitate și consultanță AFIR.","https://atelierdeconsultanta.ro/fonduri-europene-agricultura","Organization; WebSite; WebPage; BreadcrumbList; FAQPage; Article; Service","Solicită verificare eligibilitate","15","0","index, follow","indexable"
"https://atelierdeconsultanta.ro/fonduri-europene-bucuresti","/fonduri-europene-bucuresti","fonduri-europene-bucuresti/index.html","HTML static sau output generator existent","Fonduri europene București","Fonduri europene București","Ghid fonduri europene pentru București: programe active, regiune, IMM-uri, agricultura, digitalizare, energie și documente.","https://atelierdeconsultanta.ro/fonduri-europene-bucuresti","Organization; WebSite; WebPage; BreadcrumbList; Article; FAQPage","Solicită verificare eligibilitate","13","0","index, follow","indexable"
"https://atelierdeconsultanta.ro/fonduri-europene-digitalizare","/fonduri-europene-digitalizare","fonduri-europene-digitalizare/index.html","config/seo-programs.json + tools/generate-program-pages.js","Fonduri europene pentru digitalizare","Fonduri europene pentru digitalizare - IMM, PNRR, software","Hub pentru fonduri de digitalizare: Digitalizare IMM, PNRR, software, securitate, cloud, buget, documente și consultanță.","https://atelierdeconsultanta.ro/fonduri-europene-digitalizare","Organization; WebSite; WebPage; BreadcrumbList; FAQPage; Article; Service","Solicită verificare eligibilitate","14","0","index, follow","indexable"
"https://atelierdeconsultanta.ro/fonduri-europene-femei-antreprenor","/fonduri-europene-femei-antreprenor","fonduri-europene-femei-antreprenor/index.html","config/seo-programs.json + tools/generate-program-pages.js","Fonduri europene pentru femei antreprenor","Fonduri europene femei antreprenor 2026 - ghid","Fonduri europene pentru femei antreprenor 2026: programe, grant Femeia Antreprenor, eligibilitate, cheltuieli și pasi.","https://atelierdeconsultanta.ro/fonduri-europene-femei-antreprenor","Organization; WebSite; WebPage; BreadcrumbList; FAQPage; Article","Solicită verificare eligibilitate","10","0","index, follow","indexable"
"https://atelierdeconsultanta.ro/fonduri-europene-imm","/fonduri-europene-imm","fonduri-europene-imm/index.html","config/seo-programs.json + tools/generate-program-pages.js","Fonduri europene pentru IMM-uri","Fonduri europene pentru IMM-uri - investiții, digitalizare, energie","Ghid pentru IMM-uri care caută fonduri europene: programe regionale, digitalizare, energie, Start-Up Nation, documente și eligibilitate.","https://atelierdeconsultanta.ro/fonduri-europene-imm","Organization; WebSite; WebPage; BreadcrumbList; FAQPage; Article; Service","Solicită verificare eligibilitate","15","0","index, follow","indexable"
"https://atelierdeconsultanta.ro/fonduri-europene-nerambursabile-2026","/fonduri-europene-nerambursabile-2026","fonduri-europene-nerambursabile-2026/index.html","config/seo-programs.json + tools/generate-program-pages.js","Fonduri europene nerambursabile 2026","Fonduri europene nerambursabile 2026","Fonduri europene nerambursabile 2026: programe posibile, cine poate aplica, ce documente se verifică, riscuri și pași următori.","https://atelierdeconsultanta.ro/fonduri-europene-nerambursabile-2026","Organization; WebSite; WebPage; BreadcrumbList; FAQPage; Article","Solicită verificare eligibilitate","16","0","index, follow","indexable"
"https://atelierdeconsultanta.ro/fonduri-europene-nord-est","/fonduri-europene-nord-est","fonduri-europene-nord-est/index.html","HTML static sau output generator existent","Fonduri europene Nord-Est","Fonduri europene Nord-Est | Iași, Suceava, Bacău, Botosani, Neamt, Vaslui","Ghid regional pentru fonduri europene în Nord-Est: județe acoperite, ADR Nord-Est, programe regionale, AFIR, programe nationale și verificare eligibilitate.","https://atelierdeconsultanta.ro/fonduri-europene-nord-est","Organization; WebSite; WebPage; BreadcrumbList; Article; FAQPage","Solicită verificare eligibilitate","14","0","index, follow","indexable"
"https://atelierdeconsultanta.ro/fonduri-nerambursabile","/fonduri-nerambursabile","fonduri-nerambursabile/index.html","config/seo-programs.json + tools/generate-program-pages.js","Fonduri nerambursabile: grant, cofinanțare și obligații","Fonduri nerambursabile | grant, cofinanțare","Ghid despre fonduri nerambursabile: grant, cofinanțare, cheltuieli eligibile și neeligibile, rambursare și obligații post-finanțare.","https://atelierdeconsultanta.ro/fonduri-nerambursabile","Organization; WebSite; WebPage; BreadcrumbList; FAQPage; Article","Solicită verificare eligibilitate","10","0","index, follow","indexable"
"https://atelierdeconsultanta.ro/fonduri-pentru-ferme","/fonduri-pentru-ferme","fonduri-pentru-ferme/index.html","config/seo-programs.json + tools/generate-program-pages.js","Fonduri pentru ferme","Fonduri pentru ferme - AFIR, DR12, DR14 și utilaje","Fonduri pentru ferme: AFIR, DR12, DR14, calculator SO, utilaje, documente, eligibilitate, punctaj și pregătirea dosarului.","https://atelierdeconsultanta.ro/fonduri-pentru-ferme","Organization; WebSite; WebPage; BreadcrumbList; FAQPage; Article","Solicită verificare eligibilitate","15","0","index, follow","indexable"
"https://atelierdeconsultanta.ro/fonduri-pentru-utilaje-agricole","/fonduri-pentru-utilaje-agricole","fonduri-pentru-utilaje-agricole/index.html","config/seo-programs.json + tools/generate-program-pages.js","Fonduri pentru utilaje agricole","Fonduri pentru utilaje agricole - eligibilitate și buget","Fonduri pentru utilaje agricole: DR12, DR14, ferme, calculator SO, cheltuieli eligibile, documente, punctaj și buget.","https://atelierdeconsultanta.ro/fonduri-pentru-utilaje-agricole","Organization; WebSite; WebPage; BreadcrumbList; FAQPage; Article","Solicită verificare eligibilitate","14","0","index, follow","indexable"
"https://atelierdeconsultanta.ro/fonduri-regionale","/fonduri-regionale","fonduri-regionale/index.html","HTML static sau output generator existent","Fonduri regionale: hartă ADR România","Fonduri regionale | ADR-uri România și programe regionale","Hub pentru fonduri regionale în România: hartă ADR, județe acoperite, programe regionale oficiale și trasee pentru beneficiari publici sau privați.","https://atelierdeconsultanta.ro/fonduri-regionale","Organization; WebSite; CollectionPage; BreadcrumbList; ItemList; FAQPage","Solicită verificare eligibilitate","12","0","index, follow","indexable"
"https://atelierdeconsultanta.ro/gal-afir","/gal-afir","gal-afir/index.html","config/seo-programs.json + tools/generate-program-pages.js","GAL-AFIR: proiecte LEADER publice și private","GAL-AFIR | proiecte LEADER și implementare","Consultanță GAL-AFIR: scriere proiecte GAL, preluare proiecte în implementare, beneficiari publici și privați, SDL, criterii, achiziții și plăți.","https://atelierdeconsultanta.ro/gal-afir","Organization; WebSite; WebPage; BreadcrumbList; FAQPage; Article; GovernmentService","Solicită verificare eligibilitate","17","0","index, follow","indexable"
"https://atelierdeconsultanta.ro/gdpr","/gdpr","gdpr.html","HTML static root","Politica GDPR","Politica GDPR | FABER – Atelier de Consultanță","Politica GDPR FABER – Atelier de Consultanță. Drepturile tale conform Regulamentului General privind Protecția Datelor (UE) 2016/679.","https://atelierdeconsultanta.ro/gdpr","Organization; LegalService; WebPage","Contacteaza echipa","5","0","index, follow","indexable"
"https://atelierdeconsultanta.ro/ghiduri","/ghiduri","ghiduri/index.html","config/seo-programs.json + tools/generate-program-pages.js","Ghiduri și resurse pentru fonduri europene","Ghiduri fonduri europene | bibliotecă FABER","Bibliotecă de resurse FABER: ghiduri AFIR, IMM, digitalizare, energie, antreprenoriat, GAL, documente și checklisturi utile.","https://atelierdeconsultanta.ro/ghiduri","Organization; WebSite; CollectionPage; BreadcrumbList; FAQPage; Article","Solicită verificare eligibilitate","26","0","index, follow","indexable"
"https://atelierdeconsultanta.ro/granturi-digitalizare-imm","/granturi-digitalizare-imm","granturi-digitalizare-imm/index.html","config/seo-programs.json + tools/generate-program-pages.js","Granturi pentru digitalizarea IMM-urilor","Granturi Digitalizare IMM 2026 - software și echipamente","Granturi Digitalizare IMM 2026: software, hardware, cloud, securitate, servicii, eligibilitate, buget și pasi de aplicare.","https://atelierdeconsultanta.ro/granturi-digitalizare-imm","Organization; WebSite; WebPage; BreadcrumbList; FAQPage; Article","Solicită verificare eligibilitate","14","0","index, follow","indexable"
"https://atelierdeconsultanta.ro/greseli-fonduri-europene","/greseli-fonduri-europene","greseli-fonduri-europene/index.html","config/seo-programs.json + tools/generate-program-pages.js","Greșeli frecvente la fonduri europene","Greșeli fonduri europene - ce verifici înainte","Greșeli frecvente la fonduri europene: eligibilitate, documente, buget, cheltuieli neeligibile, punctaj, clarificări și implementare.","https://atelierdeconsultanta.ro/greseli-fonduri-europene","Organization; WebSite; WebPage; BreadcrumbList; FAQPage; Article","Solicită verificare eligibilitate","9","0","index, follow","indexable"
"https://atelierdeconsultanta.ro/idei-afaceri-fonduri-europene","/idei-afaceri-fonduri-europene","idei-afaceri-fonduri-europene.html","HTML static root","Idei de afaceri cu fonduri europene","Idei de afaceri cu fonduri europene","Idei de afaceri organizate pe profil: start-up, IMM, fermier, digitalizare, servicii și producție, cu validare prin CAEN și documente.","https://atelierdeconsultanta.ro/idei-afaceri-fonduri-europene","Organization; BlogPosting; BreadcrumbList; FAQPage","Solicită verificare eligibilitate","10","1","index, follow","indexable"
"https://atelierdeconsultanta.ro/instrumente","/instrumente","instrumente/index.html","config/seo-programs.json + tools/generate-program-pages.js","Instrumente interactive pentru fonduri europene","Instrumente fonduri europene - calculatoare și checklisturi","Instrumente pentru fonduri europene: calculator cofinanțare, eligibilitate rapida, buget Digitalizare IMM, Start-Up Nation și calculator SO.","https://atelierdeconsultanta.ro/instrumente","Organization; WebSite; WebPage; BreadcrumbList; FAQPage; WebApplication","Solicită verificare eligibilitate","12","0","index, follow","indexable"
"https://atelierdeconsultanta.ro/intrebari-frecvente","/intrebari-frecvente","intrebari-frecvente/index.html","config/seo-programs.json + tools/generate-program-pages.js","Întrebări frecvente despre fonduri europene","Întrebări frecvente despre fonduri europene","Întrebări frecvente despre cofinanțare, CAEN, documente, ghid, punctaj, implementare, GAL, AFIR și digitalizare.","https://atelierdeconsultanta.ro/intrebari-frecvente","Organization; WebSite; WebPage; BreadcrumbList; FAQPage; Article","Solicită verificare eligibilitate","10","0","index, follow","indexable"
"https://atelierdeconsultanta.ro/pnrr","/pnrr","pnrr/index.html","config/seo-programs.json + tools/generate-program-pages.js","PNRR: apeluri, digitalizare și reguli specifice","PNRR pentru IMM-uri și digitalizare","Hub PNRR pentru IMM-uri: apeluri specifice, digitalizare, cheltuieli eligibile, documente, indicatori și reguli de confirmat oficial.","https://atelierdeconsultanta.ro/pnrr","Organization; WebSite; WebPage; BreadcrumbList; FAQPage; Article","Solicită verificare eligibilitate","14","0","index, follow","indexable"
"https://atelierdeconsultanta.ro/pnrr-digitalizare-imm-cheltuieli-eligibile","/pnrr-digitalizare-imm-cheltuieli-eligibile","pnrr-digitalizare-imm-cheltuieli-eligibile.html","HTML static root","PNRR Digitalizare IMM: cheltuieli eligibile","PNRR Digitalizare IMM: cheltuieli eligibile","Cheltuieli eligibile pentru digitalizare IMM: software, hardware, cloud, securitate, website, servicii și legătura cu activitatea.","https://atelierdeconsultanta.ro/pnrr-digitalizare-imm-cheltuieli-eligibile","BlogPosting; FAQPage; BreadcrumbList","Solicită verificare eligibilitate","11","0","index, follow","indexable"
"https://atelierdeconsultanta.ro/politica-de-confidentialitate","/politica-de-confidentialitate","politica-de-confidentialitate.html","HTML static root","Politica de Confidențialitate","Politica de Confidențialitate | FABER","Politica de confidențialitate FABER – Atelier de Consultanță. Cum colectăm, utilizăm și protejăm datele tale personale.","https://atelierdeconsultanta.ro/politica-de-confidentialitate","Organization; LegalService; WebPage","Contacteaza echipa","5","0","index, follow","indexable"
"https://atelierdeconsultanta.ro/por-adr-nord-est","/por-adr-nord-est","por-adr-nord-est/index.html","config/seo-programs.json + tools/generate-program-pages.js","POR ADR Nord-Est pentru microîntreprinderi","POR ADR Nord-Est pentru microîntreprinderi","POR ADR Nord-Est pentru microîntreprinderi: județ, CAEN, vechime, situații financiare, punct de lucru, RIS3, oferte și buget.","https://atelierdeconsultanta.ro/por-adr-nord-est","Organization; WebSite; WebPage; BreadcrumbList; FAQPage; Article; GovernmentService","Solicită verificare eligibilitate","13","0","index, follow","indexable"
"https://atelierdeconsultanta.ro/resurse","/resurse","resurse/index.html","config/seo-programs.json + tools/generate-program-pages.js","Resurse descarcabile pentru pregătirea dosarului","Resurse descarcabile fonduri europene - PDF și Excel","Resurse descarcabile pentru fonduri europene: checklisturi PDF și Excel pentru documente, buget, calendar, DR12, DR14 și digitalizare.","https://atelierdeconsultanta.ro/resurse","Organization; WebSite; CollectionPage; BreadcrumbList; FAQPage; Article","Solicită verificare eligibilitate","18","0","index, follow","indexable"
"https://atelierdeconsultanta.ro/start-up-nation-2026-cheltuieli-eligibile","/start-up-nation-2026-cheltuieli-eligibile","start-up-nation-2026-cheltuieli-eligibile/index.html","config/seo-programs.json + tools/generate-program-pages.js","Start Up Nation 2026: cheltuieli eligibile","Start Up Nation 2026 cheltuieli eligibile - buget","Cheltuieli eligibile Start Up Nation 2026: echipamente, software, dotări, servicii, buget, achiziții și riscuri de verificat.","https://atelierdeconsultanta.ro/start-up-nation-2026-cheltuieli-eligibile","Organization; WebSite; WebPage; BreadcrumbList; FAQPage; Article","Solicită verificare eligibilitate","11","0","index, follow","indexable"
"https://atelierdeconsultanta.ro/start-up-nation-2026-conditii","/start-up-nation-2026-conditii","start-up-nation-2026-conditii/index.html","config/seo-programs.json + tools/generate-program-pages.js","Start-Up Nation 2026: checklist de condiții","Start-Up Nation 2026 condiții | checklist","Checklist Start-Up Nation 2026: solicitant, firmă nouă, CAEN, cursuri, buget, cheltuieli, documente, cofinanțare și procedură activă.","https://atelierdeconsultanta.ro/start-up-nation-2026-conditii","Organization; WebSite; WebPage; BreadcrumbList; FAQPage; Article","Solicită verificare eligibilitate","12","0","index, follow","indexable"
"https://atelierdeconsultanta.ro/start-up-nation-2026-idei-afaceri","/start-up-nation-2026-idei-afaceri","start-up-nation-2026-idei-afaceri/index.html","config/seo-programs.json + tools/generate-program-pages.js","Start Up Nation 2026: idei de afaceri","Start Up Nation 2026 idei de afaceri - CAEN și buget","Idei de afaceri Start Up Nation 2026: cum alegi activitatea, codul CAEN, bugetul, cheltuielile și planul de afaceri.","https://atelierdeconsultanta.ro/start-up-nation-2026-idei-afaceri","Organization; WebSite; WebPage; BreadcrumbList; FAQPage; Article","Solicită verificare eligibilitate","12","0","index, follow","indexable"
"https://atelierdeconsultanta.ro/start-up-nation-2026-plan-de-afaceri","/start-up-nation-2026-plan-de-afaceri","start-up-nation-2026-plan-de-afaceri/index.html","config/seo-programs.json + tools/generate-program-pages.js","Start Up Nation 2026: plan de afaceri","Start Up Nation 2026 plan de afaceri - structura","Plan de afaceri Start Up Nation 2026: structura, buget, piata, cheltuieli, cod CAEN, indicatori și greșeli frecvente.","https://atelierdeconsultanta.ro/start-up-nation-2026-plan-de-afaceri","Organization; WebSite; WebPage; BreadcrumbList; FAQPage; Article","Solicită verificare eligibilitate","11","0","index, follow","indexable"
"https://atelierdeconsultanta.ro/termeni-si-conditii","/termeni-si-conditii","termeni-si-conditii.html","HTML static root","Termeni și Condiții","Termeni și Condiții | FABER – Atelier de Consultanță","Termeni și condiții FABER – Atelier de Consultanță. Condițiile generale de utilizare a serviciilor noastre de consultanță în fonduri europene.","https://atelierdeconsultanta.ro/termeni-si-conditii","Organization; LegalService; WebPage","Contacteaza echipa","5","0","index, follow","indexable"
"https://atelierdeconsultanta.ro/verificare-eligibilitate-fonduri-europene","/verificare-eligibilitate-fonduri-europene","verificare-eligibilitate-fonduri-europene/index.html","config/seo-programs.json + tools/generate-program-pages.js","Verificare eligibilitate pentru fonduri europene","Verificare eligibilitate fonduri europene","Verificare inițială pentru fonduri europene: firmă, CAEN, localitate, investiție, buget, cofinanțare, documente și program potrivit.","https://atelierdeconsultanta.ro/verificare-eligibilitate-fonduri-europene","Organization; WebSite; WebPage; BreadcrumbList; FAQPage; Article; Service","Solicită verificare eligibilitate","8","0","index, follow","indexable"
"https://atelierdeconsultanta.ro/webinarii","/webinarii","webinarii/index.html","config/seo-programs.json + tools/generate-program-pages.js","Webinarii și evenimente despre fonduri europene","Webinarii fonduri europene - evenimente, ghiduri și rezumate","Pagina pentru webinarii și evenimente despre fonduri europene, cu program, inscriere, rezumate, slide-uri și resurse descarcabile.","https://atelierdeconsultanta.ro/webinarii","Organization; WebSite; CollectionPage; BreadcrumbList; FAQPage; Article","Solicită verificare eligibilitate","8","0","index, follow","indexable"
"https://atelierdeconsultanta.ro/intrebari/ce-cheltuieli-sunt-eligibile-la-digitalizare-imm","/intrebari/ce-cheltuieli-sunt-eligibile-la-digitalizare-imm","intrebari/ce-cheltuieli-sunt-eligibile-la-digitalizare-imm/index.html","config/seo-programmatic-pages.json + tools/generate-programmatic-seo.js","Raspuns rapid: Ce cheltuieli sunt eligibile la Digitalizare IMM?","Raspuns rapid: Ce cheltuieli sunt eligibile la Digitalizare IMM?","Raspuns rapid pentru întrebarea ""Ce cheltuieli sunt eligibile la Digitalizare IMM?"": Pot fi eligibile software, echipamente IT, servicii cloud, securitate cibernetica, implementare și instruire, dacă sunt ...","https://atelierdeconsultanta.ro/intrebari/ce-cheltuieli-sunt-eligibile-la-digitalizare-imm","Organization; WebSite; WebPage; BreadcrumbList; Article; FAQPage","Solicită verificare eligibilitate","10","0","index, follow","indexable"
"https://atelierdeconsultanta.ro/intrebari/ce-documente-sunt-necesare-pentru-dr12","/intrebari/ce-documente-sunt-necesare-pentru-dr12","intrebari/ce-documente-sunt-necesare-pentru-dr12/index.html","config/seo-programmatic-pages.json + tools/generate-programmatic-seo.js","Raspuns rapid: Ce documente sunt necesare pentru DR12?","Raspuns rapid: Ce documente sunt necesare pentru DR12?","Raspuns rapid pentru întrebarea ""Ce documente sunt necesare pentru DR12?"": Pentru DR12 sunt importante documentele solicitantului, exploatației, calculul SO, actele privind terenurile sau animale...","https://atelierdeconsultanta.ro/intrebari/ce-documente-sunt-necesare-pentru-dr12","Organization; WebSite; WebPage; BreadcrumbList; Article; FAQPage","Solicită verificare eligibilitate","11","0","index, follow","indexable"
"https://atelierdeconsultanta.ro/intrebari/cum-se-calculeaza-cofinantarea-la-fonduri-europene","/intrebari/cum-se-calculeaza-cofinantarea-la-fonduri-europene","intrebari/cum-se-calculeaza-cofinantarea-la-fonduri-europene/index.html","config/seo-programmatic-pages.json + tools/generate-programmatic-seo.js","Raspuns rapid: Cum se calculeaza cofinanțarea la fonduri europene?","Raspuns rapid: Cum se calculeaza cofinanțarea la fonduri europene?","Raspuns rapid pentru întrebarea ""Cum se calculeaza cofinanțarea la fonduri europene?"": Cofinantarea se calculeaza pornind de la valoarea eligibila, procentul nerambursabil și cheltuielile neeligibile, care t...","https://atelierdeconsultanta.ro/intrebari/cum-se-calculeaza-cofinantarea-la-fonduri-europene","Organization; WebSite; WebPage; BreadcrumbList; Article; FAQPage","Solicită verificare eligibilitate","9","0","index, follow","indexable"
"https://atelierdeconsultanta.ro/fonduri-europene-caen/0111-culturi-cereale","/fonduri-europene-caen/0111-culturi-cereale","fonduri-europene-caen/0111-culturi-cereale/index.html","config/seo-programmatic-pages.json + tools/generate-programmatic-seo.js","Fonduri europene pentru CAEN 0111 - culturi de cereale","Fonduri europene pentru CAEN 0111 - culturi de cereale","Ghid pentru CAEN 0111: programe posibile, investiții eligibile, documente, punctaj și checklist pentru culturi de cereale.","https://atelierdeconsultanta.ro/fonduri-europene-caen/0111-culturi-cereale","Organization; WebSite; WebPage; BreadcrumbList; Article; FAQPage","Solicită verificare eligibilitate","8","0","index, follow","indexable"
"https://atelierdeconsultanta.ro/fonduri-europene-caen/4321-instalatii-electrice","/fonduri-europene-caen/4321-instalatii-electrice","fonduri-europene-caen/4321-instalatii-electrice/index.html","config/seo-programmatic-pages.json + tools/generate-programmatic-seo.js","Fonduri europene pentru CAEN 4321 - instalații electrice","Fonduri europene pentru CAEN 4321 - instalații electrice","Ghid pentru CAEN 4321: programe posibile, investiții eligibile, documente, punctaj și checklist pentru instalații electrice.","https://atelierdeconsultanta.ro/fonduri-europene-caen/4321-instalatii-electrice","Organization; WebSite; WebPage; BreadcrumbList; Article; FAQPage","Solicită verificare eligibilitate","7","0","index, follow","indexable"
"https://atelierdeconsultanta.ro/fonduri-europene-caen/5610-restaurante","/fonduri-europene-caen/5610-restaurante","fonduri-europene-caen/5610-restaurante/index.html","config/seo-programmatic-pages.json + tools/generate-programmatic-seo.js","Fonduri europene pentru CAEN 5610 - restaurante și servicii alimentare","Fonduri europene pentru CAEN 5610 - restaurante și servicii alimentare","Ghid pentru CAEN 5610: programe posibile, investiții eligibile, documente, punctaj și checklist pentru restaurante și servicii alimentare.","https://atelierdeconsultanta.ro/fonduri-europene-caen/5610-restaurante","Organization; WebSite; WebPage; BreadcrumbList; Article; FAQPage","Solicită verificare eligibilitate","7","0","index, follow","indexable"
"https://atelierdeconsultanta.ro/fonduri-europene-caen/6201-dezvoltare-software","/fonduri-europene-caen/6201-dezvoltare-software","fonduri-europene-caen/6201-dezvoltare-software/index.html","config/seo-programmatic-pages.json + tools/generate-programmatic-seo.js","Fonduri europene pentru CAEN 6201 - dezvoltare software","Fonduri europene pentru CAEN 6201 - dezvoltare software","Ghid pentru CAEN 6201: programe posibile, investiții eligibile, documente, punctaj și checklist pentru dezvoltare software.","https://atelierdeconsultanta.ro/fonduri-europene-caen/6201-dezvoltare-software","Organization; WebSite; WebPage; BreadcrumbList; Article; FAQPage","Solicită verificare eligibilitate","7","0","index, follow","indexable"
